heat_generated,vibration_intensity,label
10.993428306022466,24.198066309758005,0.0
9.723471397657631,22.773901048738306,0.0
11.295377076201385,20.17889110976052,0.0
13.046059712816051,18.059189666883277,0.0
9.531693250553328,22.09466994084077,0.0
9.531726086101639,21.18045615626525,0.0
13.158425631014783,22.685579660083196,0.0
11.534869458305817,21.905515405045907,0.0
9.061051228130095,23.148658145958006,0.0
11.08512008717193,18.394294365318295,0.0
9.073164614375075,23.952182196902978,0.0
9.068540492859487,20.5927988140772,0.0
10.48392454313207,26.225782617875797,0.0
6.173439510684404,17.932436545731296,0.0
6.5501643349739345,25.207891409495748,0.0
8.875424941518055,20.593732350387942,0.0
7.974337759331153,18.045745989156654,0.0
10.628494665190548,18.548342497837034,0.0
8.183951848957578,19.03895807541704,0.0
7.175392597329417,21.272497839205748,0.0
12.931297537843108,21.5685064641065,0.0
9.548447399026928,18.278899988184264,0.0
10.135056409375848,19.92693622321705,0.0
7.150503627573086,26.42681107583559,0.0
8.911234550949635,25.182629510302135,0.0
10.221845179419732,21.308971009022095,0.0
7.698012845155395,20.1140104345046,0.0
10.751396036691343,20.360093980154783,0.0
8.79872262016239,21.84055391819125,0.0
9.416612500413446,16.931622304404783,0.0
8.796586775541206,19.227870387729965,0.0
13.704556369017876,14.99424777836723,0.0
9.973005550524132,21.197669367815838,0.0
7.8845781420882,21.94158781910822,0.0
11.645089824206378,18.550440613101877,0.0
7.5583127000579555,24.721960289870097,0.0
10.417727190009511,16.322703010992978,0.0
6.080659752240448,15.606875359370541,0.0
7.3436279022031385,20.673355455679918,0.0
10.393722471738247,23.141294907836464,0.0
11.476933159990821,25.051783074373606,0.0
10.34273656237994,18.62334721139318,0.0
9.76870343522352,23.236042500293888,0.0
9.397792608821423,19.884474591497877,0.0
7.042956019265145,19.48211810017754,0.0
8.560311583210582,22.65097981246002,0.0
9.078722458080424,21.95696863524026,0.0
12.11424445243783,15.270823529047252,0.0
10.687236579136922,24.429621049177687,0.0
6.473919689274532,24.140274062442355,0.0
10.648167938789591,18.12331189547141,0.0
9.229835439167367,21.187410600312226,0.0
8.646155999388082,21.482090558848217,0.0
11.223352577681736,20.782021297471722,0.0
12.061999044991902,18.34908453846374,0.0
11.862560238232398,17.985129896185846,0.0
8.321564953554724,19.923337787025662,0.0
9.38157524829757,23.518187057778093,0.0
10.662526862807129,21.6308004637833,0.0
11.951090254244718,18.888157003741682,0.0
9.04165152430942,22.315096131945033,0.0
9.628682046672365,11.454372138109774,0.0
7.787330051987944,23.44629710111631,0.0
7.607586751838658,14.7808586636657,0.0
11.625051644788396,18.912677175790602,0.0
12.712480057141645,16.640990316121567,0.0
9.855979756839332,16.115955572837283,0.0
12.007065795784047,23.482480362135558,0.0
10.723272050095268,18.596896396064327,0.0
8.709760490789751,21.039511645192146,0.0
10.722791211016828,19.859238263362446,0.0
13.076073132931938,21.431122481669366,0.0
9.928347921780096,20.230465673180767,0.0
13.129287311628012,16.15102332743429,0.0
4.760509791820511,22.98880045834142,0.0
11.643805008750448,18.51873025051606,0.0
10.174094136476343,15.330254304020746,0.0
9.401985299068265,18.715654517102262,0.0
10.183521553071005,24.502279371902933,0.0
6.024862170798214,22.550665226340477,0.0
9.560656224324976,18.954043596776422,0.0
10.714225143023492,18.952226887044713,0.0
12.955788089483033,19.035094846347853,0.0
8.963459563452705,26.23024395068252,0.0
8.383012794213625,21.14580635669466,0.0
8.996485912830927,21.290124941573207,0.0
11.830804235404148,23.090850362095527,0.0
10.657502219319369,20.71636747707954,0.0
8.940479592465923,19.22287356253789,0.0
11.026534866226712,19.410950452745066,0.0
10.194155098696081,19.785196221757808,0.0
11.937289981065778,19.888333290470474,0.0
8.595893812245295,22.182888630910938,0.0
9.344675706804464,20.1558376574219,0.0
9.215783693735684,22.197920231646737,0.0
7.072970103735763,19.757850259674253,0.0
10.592240554129152,20.235905570948272,0.0
10.522110544359778,14.005397946403678,0.0
10.010226913284923,22.748983024107446,0.0
9.530825733249705,21.03946542769398,0.0
7.1692585158991715,22.99403032957896,0.0
9.158709354469282,11.311233865418933,0.0
9.31457096694646,26.265124114342182,0.0
8.395445461556761,19.58123111553448,0.0
9.677428576667982,23.32454845021255,0.0
10.808101713629076,16.880282218623407,0.0
13.77237180242106,21.83832171518771,0.0
10.349155625663679,16.839753310479033,0.0
10.515100781445527,18.128693117912583,0.0
9.851108168467666,25.74209406160036,0.0
6.1624575694019175,19.42795279770996,0.0
9.946972249101567,20.65229861953917,0.0
10.120460419882052,22.610203192066262,0.0
14.926484224970572,21.487045663917815,0.0
9.615278070437755,20.45125671543073,0.0
10.603094684667225,21.094883007398675,0.0
9.930576460589513,27.210246755714824,0.0
7.6626439247609355,19.827143608899245,0.0
12.285645629030041,20.603297140144903,0.0
11.503866065373549,23.151963188022837,0.0
11.582063894086094,23.31657779887395,0.0
8.181225090410521,23.56109091668114,0.0
12.805588621872198,21.916190666087555,0.0
7.196297874415438,16.57098526180855,0.0
11.17371418760054,24.900294596903287,0.0
14.380911251619956,16.560963820943936,0.0
8.018927349738624,20.9079063957171,0.0
8.867404540794457,17.737172449941927,0.0
10.199302730175283,19.80758496022102,0.0
8.993048691767601,20.986287230910442,0.0
6.898673137867735,20.96407164635082,0.0
10.137125949612054,21.265762262705856,0.0
7.87539257254779,24.84113380717594,0.0
10.947184861270363,21.36060290454194,0.0
8.161151531532393,19.267530094128055,0.0
13.09986881003508,22.892261504865072,0.0
8.433493415327526,23.56841146677392,0.0
9.35587696758865,16.31717655458902,0.0
11.62703443473934,21.792200209549573,0.0
7.53827136713209,22.103518226932696,0.0
10.45491986920826,19.107309489920024,0.0
12.614285508564857,24.12712043993486,0.0
6.785033530877545,19.54983323890242,0.0
10.36926771706461,20.37672936041463,0.0
10.519765588496847,19.48078452714839,0.0
11.56364574355462,20.0467371427444,0.0
7.526098578243836,16.711174739314394,0.0
7.359086773831447,15.679847352217116,0.0
11.043883131233795,24.783515189674915,0.0
10.593969346466372,17.459115955045018,0.0
10.500985700691754,17.025822951631078,0.0
10.692896418993952,13.539829659188856,0.0
8.639950556843019,18.083114756931494,0.0
10.464507394322007,16.030730619777504,0.0
10.586144946597363,24.92604548040911,0.0
8.571297163947264,23.029451268027902,0.0
13.731549022289514,17.93554896446683,0.0
10.947665841823575,26.757307416032926,0.0
7.617393005594703,22.945296460974784,0.0
11.31310721726766,19.025505849474133,0.0
8.050636659545358,12.501782855379282,0.0
11.574169207484903,26.872827717772225,0.0
12.317191158014808,15.831282599709212,0.0
8.358635363296578,15.063803759129325,0.0
11.926752258488644,23.06771129602892,0.0
10.825561853872996,27.319257219017818,0.0
11.64412031998898,24.152818455531555,0.0
13.793585965307894,21.691727360157078,0.0
9.509223767994259,21.78426302499586,0.0
8.492527671285021,22.560246676340924,0.0
8.220971140748954,22.276785769360295,0.0
8.368379430069123,20.84357427190813,0.0
9.845796581171792,20.31260331185563,0.0
10.682303949633287,19.81222061630143,0.0
10.553381598660039,17.73810623339997,0.0
11.654366498072047,19.15797476939968,0.0
10.026003783755813,14.921129557413844,0.0
12.907068154314633,19.704981119615752,0.0
9.470686333524087,17.03422667854725,0.0
15.440338333179238,16.689232048352686,0.0
11.251334695530012,20.539682453460436,0.0
8.285684887167434,24.176006859033798,0.0
7.858215003877776,22.75494981800694,0.0
10.96494483048637,15.288498189130468,0.0
9.553074429348298,17.031115590288987,0.0
11.428000988184184,22.82231356396465,0.0
10.94647524914709,17.052537819385073,0.0
9.854342174686254,19.326100550008928,0.0
8.30641256386319,21.650156297073657,0.0
6.970305550628271,17.094966635409094,0.0
9.106970095865957,20.31612651843788,0.0
11.712797588646945,15.997923515245386,0.0
10.428187488260408,18.19589706814636,0.0
7.508522442576024,20.95934580242761,0.0
10.346361851702364,15.221018799404993,0.0
10.770634759457673,21.321424213881198,0.0
8.232285127597734,19.941086603219958,0.0
10.307450211891055,21.657469863251443,0.0
10.116417436892,20.671742402193985,0.0
7.714059404338753,24.092421289921532,0.0
10.715574720696566,20.375673507943723,0.0
11.121569052736469,18.71178337662424,0.0
12.166102486350553,20.36689250909685,0.0
12.107604104069805,21.629894087109165,0.0
7.244661264085818,20.146580210977113,0.0
8.124349920169754,20.121775073611648,0.0
11.03007053441732,17.894024936579733,0.0
11.027571901824418,18.011297247347155,0.0
11.030095372612095,15.79218418460092,0.0
17.70546298130944,25.248730229560817,0.0
11.141781021386334,16.268410293826143,0.0
12.271131280361198,17.92128440661228,0.0
11.908003526986406,17.844778203292407,0.0
11.302782502611596,22.684773130833324,0.0
9.369461510719308,19.115150965123917,0.0
11.517938440986534,23.743226218021203,0.0
8.454349570924856,17.979528127268395,0.0
9.526362786519982,20.836982486671406,0.0
9.029272904341793,17.493958840220728,0.0
10.163748278772646,26.435447383320167,0.0
14.629317133347017,16.43720474291146,0.0
6.265469614816503,20.92946213068108,0.0
11.372520380749027,21.901330642796296,0.0
6.774568257620697,21.241397292354495,0.0
9.056136268421133,19.444137023366874,0.0
12.177901193934733,19.61053790079972,0.0
10.128560038190926,20.131434415937328,0.0
7.844510444141388,19.558993995114534,0.0
8.569392581480063,22.89163735038473,0.0
11.35919549786935,26.631569004774054,0.0
8.539266736565727,18.3275246449765,0.0
10.43291717916395,15.890591061262766,0.0
10.091143679807628,19.735153854946237,0.0
8.696799304788366,27.739128012962954,0.0
14.28788817865065,17.588976296090806,0.0
11.267838044636022,24.9173504163322,0.0
5.949714826684786,25.03310244222932,0.0
10.372908629538856,18.339235274876017,0.0
8.676427070463223,21.706949237555826,0.0
11.704866669592448,24.885189869385613,0.0
8.4149585231346,18.862616777037537,0.0
9.770527117066202,19.389258919692914,0.0
11.009974557960915,18.254957258154068,0.0
11.731510388340244,16.9557298079214,0.0
7.599407185888447,18.052167364801978,0.0
9.330997528318104,16.32817919971323,0.0
9.050109377678087,20.102250404777678,0.0
8.693341534852577,17.690080306824076,0.0
13.530908480562193,20.701357735372245,0.0
10.80996342192191,15.332313061389119,0.0
7.478232091329909,20.99264069664337,0.0
11.835723894109552,22.500586884826774,0.0
14.244312394025266,14.018793072285634,0.0
12.064930521102294,21.122169709542717,0.0
6.961260068091973,23.683006977419875,0.0
9.031531854267497,16.371076943926383,0.0
12.533822298373245,25.01771716051311,0.0
8.584661068762438,21.257057028098135,0.0
10.887638856292456,17.88496443272477,0.0
11.549268106858673,19.83269276702688,0.0
8.146139056843834,21.674980737565168,0.0
9.8809492878764,20.228016174237233,0.0
3.517465319861855,21.616267977339106,0.0
7.951224717331421,17.2379792207619,0.0
9.49486369721368,20.508082472108235,0.0
7.504433636070301,15.75885650928506,0.0
13.26482260786327,19.6663218159539,0.0
7.139717244078735,17.28827707560563,0.0
9.119911026606033,17.7934101722307,0.0
10.261481154572182,23.708279525631312,0.0
12.882546578132231,23.273930361782806,0.0
7.128275697641121,21.82741436272153,0.0
12.32632750430992,16.723061705982264,0.0
10.020466122039174,19.050774650915596,0.0
8.036982697904097,23.63929309993755,0.0
10.92420694852654,20.425150740919715,0.0
10.39811939114694,26.957988619945084,0.0
8.79956624568241,21.179953518183115,0.0
10.139604169980037,20.576147349470094,0.0
9.22937280627648,19.072650607392497,0.0
10.227034690502496,20.400622714346845,0.0
11.324261349042093,19.54259049085837,0.0
13.172033632290704,22.12432603006577,0.0
7.524369002346302,22.870106950383754,0.0
14.266066749312532,17.642031618476153,0.0
6.095824400954996,16.006301139326666,0.0
9.696429809928834,14.49138388069011,0.0
11.176634412969152,21.52397398073763,0.0
10.561983735470065,16.68990018147838,0.0
8.754600960358813,13.541328221142551,0.0
9.583755499285449,21.165735813592892,0.0
9.013998130682333,27.47899855229837,0.0
8.821270486111576,19.98178726538032,0.0
11.69920419404205,22.515472323354924,0.0
10.714030971930095,20.245488075642694,0.0
8.614180809478691,19.703331040426573,0.0
11.799199750866501,22.757229448963304,0.0
10.614599041753218,19.129176367434045,0.0
11.62572423767792,20.80217694221571,0.0
11.259257683847224,20.96509341858804,0.0
8.342009978155854,17.995728639070855,0.0
8.879637919606061,22.97612704860957,0.0
11.494587210246523,19.475120729913773,0.0
11.22074053086693,17.732764521521467,0.0
9.958196812071703,21.60952953071121,0.0
10.234654766617563,17.304596054626888,0.0
12.555329791576849,20.084543472107384,0.0
8.81685722232834,19.97264301006739,0.0
11.094194762340075,23.257686697494734,0.0
9.595614695132213,21.42409469863986,0.0
9.564637593545559,19.924919123764568,0.0
12.19755370397438,22.45329889760086,0.0
11.65083269797606,24.17062264705194,0.0
11.627019272001277,21.673430919055587,0.0
12.610957614308658,20.03105785953014,0.0
10.042007683265519,16.06449130294952,0.0
11.363905942589927,16.804659010773882,0.0
9.379466486813088,19.084325886935996,0.0
10.648332704976884,18.17146339352215,0.0
9.73971389126463,19.439086091043663,0.0
10.193991929985437,20.16994977469132,0.0
11.190314050873827,21.589078263070192,0.0
8.363558633533055,19.788503665822727,0.0
14.184774551370921,21.459504931478605,0.0
7.987965237000596,20.19342324443036,0.0
7.571622774424536,14.073600300938386,0.0
12.316221747000135,17.181993818543738,0.0
11.583325387925871,19.567737332835154,0.0
11.24823963410431,16.370915771476678,0.0
11.25669101852856,21.799786189988613,0.0
9.97550645430617,24.59225249703109,0.0
8.205491257028337,23.65628555509195,0.0
10.151609116387453,19.359671387209374,0.0
8.645676576975777,24.472178410549855,0.0
11.950239466835502,20.446002371606337,0.0
9.705885236995723,18.988742086645882,0.0
8.349005606414977,18.15979200937718,0.0
9.357228316694012,19.092590940535615,0.0
10.82586290855125,18.835469544376313,0.0
8.87255089439205,20.511248667126463,0.0
8.355559208867136,20.481721943149594,0.0
10.487374422983825,20.009138060460245,0.0
10.489933142217446,21.310814509239048,0.0
8.98611364925774,23.571938824359023,0.0
9.057923388763355,22.84866240632397,0.0
10.464099874715272,15.54530609465029,0.0
7.103831317005351,12.338236595294136,0.0
7.1850724512468895,22.80295973371782,0.0
8.563111557495128,15.899363904753736,0.0
9.573105696576306,19.32570379432195,0.0
10.621815131196009,16.489660921821923,0.0
12.950712433899104,14.594058687259942,0.0
11.71531924640404,21.624388184614364,0.0
9.680122940073145,22.277465480907942,0.0
9.961967584194623,18.27046879781984,0.0
7.994941270724382,12.22687312356527,0.0
9.96297372801522,18.361266655242552,0.0
9.422682722159724,21.17541201620764,0.0
10.64543712067618,15.563265293677615,0.0
8.345538112895355,20.550079759337468,0.0
11.038693028482344,19.954070452481012,0.0
13.065477826005155,21.737874498803265,0.0
9.782479703086285,20.35874110524246,0.0
10.803423444197882,17.080793177355332,0.0
11.380287983422225,23.589714504993474,0.0
9.197559056228327,19.52441128091909,0.0
10.448184963620834,19.918086381470204,0.0
10.02518480156359,17.20019612278041,0.0
10.195352197097664,18.670153246425468,0.0
8.453980432289066,17.3455918579193,0.0
10.049020348517885,19.48116182022973,0.0
10.9959965824909,25.135125440427032,0.0
12.902287215590084,15.884296571205931,0.0
11.918541652170413,15.159315806369776,0.0
14.306364915023114,24.413510982480826,0.0
8.4653048742239,19.372028968544402,0.0
11.744641273441356,17.99278178402025,0.0
10.366684011476703,23.11971406218823,0.0
14.379605866435345,18.183153380789406,0.0
8.383403429289697,25.478029140640807,0.0
8.320556315638449,22.033777614017808,0.0
8.801214709111957,18.536265775562892,0.0
5.752208551380386,26.471924639796512,0.0
8.948489956638477,18.182855230989986,0.0
8.481734676892604,22.22628611602792,0.0
10.300787572952416,20.897877741219475,0.0
10.683511951554319,23.905223868196394,0.0
13.752341678431772,24.684533590180557,0.0
11.9008476763721,20.0960124471973,0.0
8.846192688675194,17.73974638896145,0.0
8.203170657303284,21.37991642881735,0.0
10.983838343013012,17.966853890743682,0.0
7.359533585958715,26.04016174257987,0.0
13.662917531708707,20.409605993248213,0.0
12.358880241442574,18.904035346063672,0.0
9.061648695790591,20.554040917594726,0.0
6.573730941818244,15.958621131410911,0.0
12.707744748330827,17.085157884468046,0.0
9.770920309494764,23.601241723833276,0.0
12.475632623946924,18.029317163085814,0.0
6.811144682411266,16.85926705195418,0.0
8.801249954092455,21.60995825758186,0.0
10.010487399436366,23.55711246398899,0.0
10.093961187529484,22.1568599319952,0.0
9.099869057041513,22.98814305741745,0.0
11.245699864694998,17.72961473429162,0.0
7.864759141234812,15.73456799977447,0.0
9.715241029957413,24.50400095586646,0.0
10.240591263423799,19.031960483473593,0.0
11.028877668117499,19.24750095063486,0.0
11.42322975617778,23.984582425547174,0.0
7.750715816324262,21.66869002820198,0.0
6.931771658528755,21.367663316244823,0.0
12.555353643797018,26.495007034703253,0.0
10.664628023959184,18.06944530885957,0.0
8.503026926886893,22.78352038424371,0.0
13.102303951045046,20.171039374691254,0.0
10.231349268585717,20.80577683658977,0.0
12.358594368127653,24.585405279237595,0.0
10.135036962820218,21.523507268868872,0.0
14.121495849763974,21.6148882371489,0.0
13.510681684886409,23.217522011929407,0.0
9.502071703041853,18.905141811371344,0.0
11.94314190190871,17.48237099798298,0.0
11.290751899170296,16.8655724179369,0.0
12.737263115064698,14.100930231871995,0.0
8.070153078839791,26.168621389820967,0.0
11.372102919996879,16.69037490283495,0.0
12.116848973699176,19.336239129242685,0.0
6.482521027153771,19.16956010033324,0.0
7.63348297466845,20.922220093427303,0.0
5.921535644479799,22.44721163761789,0.0
9.461186331110884,22.581420465079237,0.0
11.435084511591924,18.250767684293184,0.0
13.004714104192056,19.498634858640767,0.0
10.148189560839551,20.847739851464897,0.0
13.257231091142584,19.25392662144936,0.0
7.239797083570217,24.822036728059977,0.0
6.593235121289691,21.472924854914755,0.0
9.888904602206763,22.20463335814945,0.0
10.768130897878615,21.988643806002237,0.0
9.934610503811815,23.520421572455973,0.0
5.865115799920247,20.543064676111122,0.0
9.821759920974424,16.10950415613246,0.0
7.391060998990294,21.199063855257926,0.0
11.339345097660077,18.045929318624513,0.0
10.733196492193697,18.41414995475073,0.0
8.120240427345289,21.75909205626528,0.0
8.972266165326612,23.71484921430091,0.0
7.881572956222097,20.063814730208186,0.0
9.874641805453656,20.92649903779689,0.0
11.910284641002477,25.106644833905715,0.0
8.028547907328912,20.722259538465703,0.0
11.008093031035688,27.805049342541185,0.0
8.939484763255118,21.696528936894634,0.0
8.414254335475311,14.717711722532547,0.0
9.785939280090885,22.260024863313596,0.0
7.929515355161252,21.143475154648332,0.0
8.892701389305635,23.869258262248238,0.0
7.6042442148223035,22.019544053809874,0.0
13.929450265832779,19.58463204804868,0.0
10.070527103943457,16.327105291131904,0.0
8.600548984014829,19.372930228141925,0.0
10.427959821468445,17.4484386373721,0.0
9.77534390061834,18.258429650585832,0.0
9.558060800933555,21.765735213261827,0.0
11.22833340008685,25.00971351305422,0.0
11.51501542009461,21.184014589468944,0.0
8.938997704778945,16.41235081389445,0.0
8.84836351871064,21.333808004660423,0.0
9.449896605696711,23.589894459936954,0.0
5.39615767052883,18.170651287041853,0.0
6.969617875602896,19.597948499981246,0.0
12.733748534889049,20.04406458418759,0.0
13.289935427002568,17.64530506075328,0.0
9.501927920887244,21.94484130153158,0.0
11.153113926111534,19.637155554176655,0.0
10.622500309087073,21.258597331721084,0.0
16.157761616910477,17.3375234665937,0.0
12.239149822869154,18.68762509902977,0.0
9.744164817038467,22.167144073483314,0.0
8.088919118799149,18.881500543724698,0.0
6.787107359484855,25.180891553700214,0.0
10.406927271734446,18.801091443156192,0.0
8.487298509431394,20.67405417725566,0.0
7.155492580804651,22.79777249561927,0.0
8.706854231514946,15.744902801200904,0.0
7.83690399277121,14.717573564057673,0.0
13.37428327014513,15.423031056289716,0.0
11.763279513898901,23.787752310281547,0.0
9.984054717366766,18.34442556232266,0.0
12.959888277780053,27.674597857004755,0.0
10.154736615295237,18.307257204027835,0.0
8.277431597343472,20.553653909591112,0.0
13.046248154539315,24.626329857703627,0.0
11.077820087369318,26.018278664477368,0.0
7.925507691347088,26.184510729909192,0.0
9.619322643832783,23.625098691779428,0.0
8.248763493230484,23.072187577434388,0.0
7.234400538071327,21.77758084760355,0.0
11.852355095063283,22.33508322849991,0.0
13.818833280940261,18.346442851014398,0.0
7.202864852361717,17.54540334973308,0.0
11.125938473381142,19.989876627767146,0.0
8.698714861756345,19.489446132425215,0.0
9.025749232470607,18.640315852018176,0.0
8.815212151522262,22.089162342370145,0.0
8.272018460640368,22.865915625711533,0.0
10.097043255889654,20.265220658875542,0.0
8.338099767177924,24.432590243165784,0.0
10.540913651559677,16.574932657599486,0.0
9.899523781101726,19.419021622160844,0.0
9.52210390626718,17.849533038191584,0.0
8.184872675916804,14.40039014878082,0.0
8.846457338863335,19.7519579424719,0.0
11.510782451651512,19.63475747485015,0.0
11.001834375248762,24.54034922972639,0.0
8.044889510402898,21.892435053664332,0.0
10.19866461085845,16.927439527012385,0.0
11.502774246743577,25.562277699002564,0.0
6.6611894377572565,23.66310108657606,0.0
11.08672038475987,21.746293110405848,0.0
8.674752482108307,19.320547703450504,0.0
11.141197337186318,17.12168228982956,0.0
8.473481686914965,18.88337967178684,0.0
6.390235798670962,23.26624585911256,0.0
6.744915124233675,25.653758917803827,0.0
10.096169893322765,24.629730584816567,0.0
10.519445003442964,18.53345173464118,0.0
8.191366749791182,16.641147700132965,0.0
11.277184917554749,20.422658740733613,0.0
6.67695987546208,14.694681903311444,0.0
9.867840402705367,20.969503142554345,0.0
7.5779676004750876,19.557192241103994,0.0
8.696327784395681,18.601890494395274,0.0
10.094797342632829,15.215890798199613,0.0
8.279173269432095,21.54080031970915,0.0
9.23088891154035,18.401897481014267,0.0
12.012585618428881,16.490249492869136,0.0
8.846216260953703,11.383213360155052,0.0
11.671384224130284,19.917455284848092,0.0
7.740586290684764,25.31675479000923,0.0
11.059608355830566,24.98377764364361,0.0
12.8831372413158,18.628711230241183,0.0
5.056710999745421,18.19336381891466,0.0
8.406209489059046,21.40632276822507,0.0
11.15414425436108,17.004843682435126,0.0
9.593909227914015,20.905375699458396,0.0
10.742291746742618,22.298240835154072,0.0
8.79202962656836,23.680799671652924,0.0
10.1731795749458,19.69953777056014,0.0
9.68864552921584,19.388978749469103,0.0
12.335564123319614,17.366052239730315,0.0
10.508841686602427,17.51935893788042,0.0
10.675205324150404,19.32056332429542,0.0
9.176246067755065,21.102096520448534,0.0
9.024787551855013,22.74075387869975,0.0
9.134883624360759,17.590463147958964,0.0
10.788904284756594,24.478065706878564,0.0
9.158031038359475,19.186629196872293,0.0
10.579549713792826,19.935898116954693,0.0
14.150801597290876,17.75836496255653,0.0
11.742249406863385,12.727279219181176,0.0
9.347952935664317,22.652136189083148,0.0
12.402427844327889,22.2105316912773,0.0
9.183849253956897,19.15601732864536,0.0
5.923750929644292,20.200972151674616,0.0
7.983827378165191,21.547817653112297,0.0
6.258416157948289,15.312362429340372,0.0
9.296973031917382,18.412841967961114,0.0
10.036836758379103,22.38279403886548,0.0
13.352874624550566,16.23713173049225,0.0
10.653854747528325,20.880673796499888,0.0
9.561798942382271,15.930254586129784,0.0
11.658811162366979,21.39928994730058,0.0
5.57772938198423,19.89307555310755,0.0
10.471229116217131,15.154604552283471,0.0
11.541730387773933,23.494218063371513,0.0
7.0428275084403165,17.796225269605852,0.0
12.287508086413858,17.56924268895686,0.0
10.676992814988829,20.60170759169283,0.0
9.169424172198397,23.445912048286147,0.0
11.26556373221257,16.952534543064807,0.0
14.541385715608792,20.185039549543916,0.0
10.363732510116991,21.28644950099172,0.0
10.496441172600672,22.079316821789433,0.0
9.081278200919511,20.529324665831677,0.0
8.300311261070416,18.89891648275003,0.0
11.66067163308849,17.51722933805384,0.0
8.287832348182265,20.258431649139123,0.0
10.143132474438785,16.78358296404318,0.0
9.044685106469768,11.235948549516177,0.0
10.957959651492784,21.309679412473002,0.0
10.667324210573897,22.711804523258586,0.0
12.075079888515798,12.911202693374484,0.0
8.979967202290506,16.970807885870187,0.0
9.460250129413257,21.857462783015592,0.0
8.042472568435386,26.172486409135097,0.0
9.111413479847776,20.062381123026224,0.0
10.754600986089704,17.815991176312597,0.0
11.513977233290703,19.45131067668548,0.0
8.155669351644748,24.124629257444553,0.0
11.73921184021132,18.062107462626393,0.0
12.711275717609901,17.602423980049238,0.0
10.826869806447402,18.551769433453902,0.0
13.753591625116131,17.140014175223865,0.0
8.452421601792853,20.368010947984388,0.0
7.510690593377166,24.87403537540868,0.0
6.442559502191443,20.969237819348088,0.0
12.992088622978367,19.242939493621137,0.0
11.308731312708115,19.12456619325337,0.0
9.88883065817909,15.31042757391003,0.0
10.55993725263964,22.64932933144148,0.0
7.7490219054032465,19.766488408961592,0.0
14.891503959233653,19.458560259228122,0.0
10.258442363950454,29.579322703534583,0.0
10.218789589209786,20.89625872509706,0.0
11.451533247797384,17.744626849714447,0.0
10.962018463473427,18.72092721138337,0.0
10.447768048558263,23.445337127590264,0.0
8.419051089109375,20.339811231613293,0.0
10.942936714271992,15.6851660650479,0.0
13.764048992950068,22.757686803725612,0.0
12.690840092309955,17.995567743383017,0.0
13.186373253278795,25.619893328652637,0.0
8.97756864713763,23.240144197143945,0.0
8.020790359482838,18.658034313023748,0.0
9.748426159800704,23.843049085205337,0.0
10.11144982457739,20.20356653158221,0.0
12.188383036941897,22.55832102536666,0.0
6.615070740570362,21.454198451883425,0.0
13.059100638921228,17.460930035027378,0.0
9.683984202842021,18.069350503047616,0.0
9.14623786010516,23.089882452743485,0.0
7.975791249479665,18.995674003680378,0.0
6.69028665626846,18.78905461027401,0.0
11.64634116792383,17.134632261951943,0.0
10.146635934376807,21.270797196780382,0.0
7.420078200517892,26.187574757729436,0.0
7.409842455872768,16.79740125723718,0.0
9.328430601419743,20.072658370018274,0.0
13.338043050578786,24.236661666246288,0.0
9.48081729727279,19.761075826262854,0.0
6.993714093763788,21.357115388749204,0.0
9.508513871828113,16.81281941555936,0.0
9.45455286050466,21.284921291622947,0.0
4.606226714116857,19.438567204986352,0.0
9.891410266964376,22.957189987039587,0.0
9.538130939582643,23.562158154694252,0.0
11.392412729626837,27.76869092605584,0.0
13.69791218989069,21.73889951964073,0.0
12.253130059095515,20.977388949746498,0.0
9.462222618890339,20.583152904732007,0.0
7.78694818251666,18.940501121567934,0.0
15.14671960649972,21.015451530385075,0.0
10.118436868028976,19.11379576958291,0.0
10.027858583825893,20.505382928808842,0.0
9.951749825779993,23.95279260682388,0.0
10.396169521535711,16.980372304161076,0.0
9.711279176152114,23.419635683387135,0.0
8.852675986239527,23.951345202019596,0.0
8.906282117519215,19.645794419026764,0.0
9.934493459568003,13.634435302974216,0.0
8.91315045773247,18.176534038716703,0.0
8.57430843464567,23.890983639683327,0.0
10.212860455383794,19.931395813103354,0.0
9.49004556515829,17.002093303115267,0.0
13.007985977165376,18.48567523631535,0.0
4.698060383213976,22.521860079513658,0.0
12.183013703844924,21.640200704604137,0.0
12.492170384995259,19.283203702490916,0.0
5.853219535183701,18.899526764555937,0.0
9.314624811839302,18.824725552868536,0.0
9.257118268008417,17.23276944650449,0.0
7.184976610564357,24.846127068408325,0.0
8.44436662481825,19.03303859236598,0.0
7.7788483090683425,23.651475562476488,0.0
13.504540886847245,24.563948155767353,0.0
11.871356786294923,22.994932694443882,0.0
12.543110189988317,18.705139061845856,0.0
11.44334412808647,21.21119027100983,0.0
7.741896457565542,19.92741318082725,0.0
8.950959467440452,17.288894417809615,0.0
10.978749122455836,20.97307784516481,0.0
7.555744382216109,16.462880626520594,0.0
11.425996860344776,23.56303816538469,0.0
9.51934920368373,18.606148108104822,0.0
9.250358384900805,20.603478967618518,0.0
11.421919936406983,20.849863614638426,0.0
10.88852662297208,19.223285078887766,0.0
9.27806766836184,21.760081404425826,0.0
12.318659606728495,18.575289030132428,0.0
7.837873344800205,22.613891892371733,0.0
11.231871213888528,15.962060959259755,0.0
11.186202515936767,20.379138738639234,0.0
9.380907121372019,25.816786997174855,0.0
10.652266044484236,16.999006026183277,0.0
7.497772847229394,17.966765088425447,0.0
11.848054038413801,21.541723548976744,0.0
9.630195727114021,20.538745345818793,0.0
8.95455395896192,21.051890297820677,0.0
12.098018451673779,21.46756139044299,0.0
8.59131261891448,21.90416440568531,0.0
7.183077407272881,23.32909952586867,0.0
6.8867416529521925,21.229455970785537,0.0
11.21201990269128,19.276227036144373,0.0
7.439141295007434,22.017721103608192,0.0
13.50958836396873,25.699645804685645,0.0
5.836141184232556,19.60209876085228,0.0
13.392912736580076,17.076412085988075,0.0
10.422034934405238,23.321242007860917,0.0
9.806573776259215,19.638856508139206,0.0
8.910161826382101,13.481991361957892,0.0
10.79827222870414,22.542265031451265,0.0
9.924730595150303,18.394015442138233,0.0
12.206603764033044,19.728400153087517,0.0
10.228455297324079,20.995940991707045,0.0
10.300603522923755,20.5714990393372,0.0
9.272775575572288,22.128355451417118,0.0
9.886108752557865,18.69354088829047,0.0
10.615603537784118,21.539317394528247,0.0
6.579663214686749,19.221359967248247,0.0
7.303629155788574,22.216431442662508,0.0
11.48652818804543,21.846102452039162,0.0
10.341730876255884,17.193683893866215,0.0
9.632033327294641,23.257946348525095,0.0
10.036867866130786,18.392109664657855,0.0
10.695163410723342,22.424173394843436,0.0
8.920480639381276,21.10186194020402,0.0
8.443390549195374,25.514551030385366,0.0
10.391690510195364,19.329602052884443,0.0
8.043254444769936,18.952049611645407,0.0
10.816505511428943,19.941741182336802,0.0
6.594832791524319,19.090460651497175,0.0
12.058311274651288,22.39982570582615,0.0
10.945194964826086,15.151068174690236,0.0
10.51205946862775,16.838952742560938,0.0
11.965381967891028,16.796591235262422,0.0
13.330948888925153,22.850922775920726,0.0
12.028740130036262,25.131840117745774,0.0
6.318251537336709,19.686652344387586,0.0
7.4408460665285965,19.49353483042997,0.0
8.750362844608642,20.210156489339543,0.0
10.052182100421668,23.485634907824572,0.0
11.035318040938247,17.217940597428278,0.0
8.548512373693068,20.715106948204355,0.0
10.373533528954157,22.92559288934729,0.0
8.489234135293355,21.503282509819535,0.0
8.776964394016103,20.56874484979623,0.0
7.186677806303555,23.003138277701424,0.0
8.153533507778192,11.890303121002288,0.0
7.296630788767333,22.033625958592722,0.0
8.048253494045335,18.03777295061773,0.0
12.10728359321568,14.508101309430629,0.0
8.101202222336115,21.53360779857494,0.0
15.26476412967478,24.120975635488872,0.0
10.986635801761778,19.587654456116926,0.0
10.369672247389747,22.858623641608816,0.0
8.283284439637573,24.836834773965936,0.0
11.400619758817982,23.944743360752142,0.0
8.848724347524453,24.919893588114178,0.0
10.244019629290722,22.226382473215676,0.0
15.12016907653759,20.22630091670478,0.0
9.8078802005507,15.194102564308494,0.0
12.298546652571352,19.261812535610154,0.0
8.593647149748225,17.470260214051425,0.0
9.930023019006077,26.51282815249344,0.0
13.54160127127102,19.47234256270299,0.0
8.746065884424466,20.369614420353457,0.0
13.624897115993857,21.654456128121403,0.0
11.415503870910952,20.13080733911736,0.0
8.875066448211465,25.085153121292258,0.0
11.264815478111041,18.132051914796644,0.0
11.945108899253459,20.58382236571173,0.0
11.243619924434393,17.772588242905854,0.0
6.859550560219088,16.039932466337884,0.0
8.545725648350263,18.164692727284145,0.0
9.50496272889699,19.888889608854765,0.0
9.851133141799908,18.71209332644822,0.0
11.241344195101355,17.92273706037843,0.0
10.355402001866508,15.781047608984498,0.0
7.3293112825797975,19.750683282113915,0.0
10.760395702011927,15.485838877906993,0.0
11.221171490567647,22.280167891068807,0.0
11.119580895862079,20.24731925880351,0.0
12.161561451109243,15.627345501605209,0.0
11.667844309097807,19.07237276885041,0.0
10.918360158456874,17.743530783228252,0.0
9.859668577082706,20.957523531257543,0.0
6.678078132968018,24.021351338069433,0.0
10.859236438265171,14.374482591062765,0.0
10.415375374326223,20.34507823744225,0.0
10.543157674390747,19.51960161330008,0.0
7.446502848359381,22.014020229351395,0.0
7.837886919183475,20.639589884713068,0.0
12.106305706665808,17.744092004783543,0.0
9.92088969228669,19.042838193000147,0.0
11.363001394745249,17.611922429589534,0.0
10.05663675226092,23.228021415795794,0.0
10.059512278991486,20.063934946015827,0.0
11.876567611951995,25.703572057259024,0.0
8.967910543565253,19.81801755855614,0.0
10.192241553881967,17.87477969926861,0.0
9.075449422589914,15.458856822161518,0.0
9.131007545135368,14.590580971232164,0.0
9.381655753062722,15.24759217098353,0.0
10.444267543267426,20.80137995303445,0.0
9.042502756673045,21.526175069689803,0.0
12.511512251147042,15.2564278939036,0.0
8.210785395560992,22.685114942228346,0.0
9.626256711677282,18.550816844949683,0.0
9.12053788345165,20.44037903595665,0.0
12.893955768707466,24.836661884766272,0.0
10.39310955302315,22.690517947596597,0.0
12.06368907893727,19.1944080562825,0.0
7.028879253926056,17.32642332375414,0.0
10.534100531738517,13.544553796012085,0.0
11.779261591246874,17.84254004227274,0.0
10.16456797855085,19.366609283516915,0.0
12.130960750130702,17.038461418546447,0.0
8.965423099799256,19.606229098723087,0.0
12.81869488037116,20.230555648876305,0.0
14.5977962472385,19.325432054575764,0.0
9.274322879120682,18.04999225752962,0.0
9.108994957198457,20.505964015900183,0.0
12.906768954235401,21.325821948708228,0.0
13.159144291461425,16.72880276767146,0.0
8.954279945693463,24.23279713923881,0.0
9.159626365808284,19.704235603147215,0.0
9.436430782278986,20.056548868834543,0.0
7.3110989779314455,22.12464326976967,0.0
8.162696107031604,20.699648393790504,0.0
7.991718466495865,22.859409901739735,0.0
8.464404869791743,20.861372495605472,0.0
9.930630225226437,18.162687876078685,0.0
10.46842946507304,21.084510575618303,0.0
13.101000985628154,16.568821378038013,0.0
8.003291918522418,20.32567911732957,0.0
11.968644796953168,19.900310028066617,0.0
9.572022311548983,19.37564942818238,0.0
9.901072580695134,19.61438746568321,0.0
11.349638984333208,14.354452863507083,0.0
7.754555956875403,18.353825276777116,0.0
10.764819492368101,20.278534703423343,0.0
10.332904416426112,20.4795691759922,0.0
10.984902528016297,16.916974577222124,0.0
10.578337287815636,23.797123522594102,0.0
14.91060027982179,17.401475455356497,0.0
8.724520031497368,22.90837160158021,0.0
8.938006089996364,21.281583085615054,0.0
8.753718947150471,18.06131807046859,0.0
8.88904576167949,25.325932677828536,0.0
8.725225745386965,16.41908950473056,0.0
12.378033062215103,22.757462520830003,0.0
12.84100849597971,23.001746954128933,0.0
8.858507412501048,17.988139372770064,0.0
8.335288853791543,24.177395900192987,0.0
10.942831112772808,19.24986045620314,0.0
8.895553911438057,20.866080887839573,0.0
11.265863635511023,20.780965516313664,0.0
10.405846041702599,19.597073775588356,0.0
6.968511770005536,22.432424819479348,0.0
13.095010402660122,22.38046616165664,0.0
13.591755346191043,14.754404080285457,0.0
8.774422619031228,23.913020728634457,0.0
9.224596880128033,15.012524035892977,0.0
10.57173078144981,23.097638613024973,0.0
10.66891357997405,23.38011541048275,0.0
11.31708854534566,16.727100709354406,0.0
14.0204090775327,18.767557136136247,0.0
9.6461055450119,16.682885994542193,0.0
8.403405510923093,19.355236909133794,0.0
7.241361543970946,19.075897147442777,0.0
8.538139920116162,22.33898159680802,0.0
9.933746054252406,23.930926238358825,0.0
13.589115727035576,24.18705143236987,0.0
8.964777401927657,18.313495920265094,0.0
10.447575903277796,19.372334378766418,0.0
9.967154207854495,14.94968542333715,0.0
12.376786546896168,17.582389800511436,0.0
15.053864851747242,22.894554899292373,0.0
8.938262454159359,24.846748470644695,0.0
9.021121114963556,16.296953384360233,0.0
12.088321754138144,18.222607222541317,0.0
11.363782979252623,19.920782729123218,0.0
13.693414651472068,20.840483476458818,0.0
11.167856370651927,17.571189440235063,0.0
9.28141581842588,21.272183133392268,0.0
11.181309661384619,18.57848195878725,0.0
12.217407161165816,19.956643187365163,0.0
11.640964362394728,21.6388527440111,0.0
11.014548062214596,20.019266809432814,0.0
12.133349379178307,18.690842328420295,0.0
12.338591180891346,19.67117058822251,0.0
12.764317982075054,19.734911122383995,0.0
11.297419775179286,18.889966910353618,0.0
9.665763839366292,19.223611811998694,0.0
10.293427372866645,24.79594151151415,0.0
12.413017933016715,21.682758343823718,0.0
8.366128658025527,19.11355904591252,0.0
10.737346617745802,22.090863213532206,0.0
9.213322375345278,18.99854153073197,0.0
10.057489645869635,23.519373912759924,0.0
12.556903725214598,21.108926576594282,0.0
10.382198136039806,19.678093567987315,0.0
10.092873096312298,21.343150777430832,0.0
7.280287718040162,15.287371543794503,0.0
11.492507132054442,16.619697593270583,0.0
11.29096836228215,16.418224980802833,0.0
14.32650944661092,20.42882928429112,0.0
9.384443530093998,25.197544998455275,0.0
10.438300655327877,26.6939004385779,0.0
10.498767367421511,21.914153304322273,0.0
13.15490655952695,21.50253342483337,0.0
9.809408935226095,14.596826797541784,0.0
10.558043051540679,18.371978600797934,0.0
11.215793019433079,17.636648744275284,0.0
10.373218246312716,18.13745720524665,0.0
9.107132770898943,19.495568544245632,0.0
10.388179985796615,18.58372826690862,0.0
12.147263499719545,14.062100568872637,0.0
7.9469694011778795,22.243730768352602,0.0
10.265939348293752,16.78177092278058,0.0
8.599758370121654,20.71774059233345,0.0
12.390093257849685,26.22224800924992,0.0
6.95362619043245,17.241846225240728,0.0
8.882156305456823,12.40913743176101,0.0
10.754423750129043,19.14198733435967,0.0
13.13104805846868,23.302878904995712,0.0
9.868499477854025,25.87504236266178,0.0
8.889600946613603,16.31135121664275,0.0
13.76231413888118,21.490097669709566,0.0
7.1039721991675115,18.60406862965984,0.0
5.602388086759836,19.682154937087592,0.0
10.880028900106664,27.933030041051104,0.0
8.995891551294777,15.491089014814541,0.0
7.9575343657385735,20.76121898448372,0.0
11.416712894598707,21.403079515296298,0.0
10.487601427542398,23.25735897481804,0.0
8.871842738526544,20.293949460412687,0.0
7.439391202658211,20.924151618512308,0.0
11.74491465656029,18.825054297734628,0.0
11.300402355917322,20.807380823735322,0.0
9.801648272441234,18.97042317350777,0.0
13.693273992095332,21.864715669568152,0.0
7.859830467347695,18.891168991869097,0.0
6.948949658150522,21.131301181706558,0.0
8.616183860237511,19.912211558945064,0.0
9.908827967289005,23.378150752316504,0.0
10.486678898645383,19.845818829234542,0.0
9.51752788428734,14.680902595379356,0.0
10.704110793028594,23.785764502141976,0.0
7.496921151619111,17.282803097412142,0.0
12.88752920814652,18.03870098405354,0.0
9.835697643214862,18.213016117869525,0.0
12.234591663176255,24.123314279512453,0.0
10.685450692755408,13.592977358063912,0.0
10.913506438307568,29.413245600979984,0.0
11.139534560464407,23.168170427198156,0.0
10.89541712003463,20.66971674238748,0.0
11.285445519735088,19.83531799815114,0.0
12.658305060264862,20.856662224572972,0.0
10.39304233940294,21.563367285138014,0.0
11.418007515177024,21.935646757850172,0.0
9.820528611425546,21.666813398010344,0.0
12.880234430898945,20.268742043765748,0.0
8.64721539588146,19.40798473907802,0.0
13.60188086582163,19.546180149039465,0.0
9.919684098711313,19.415275158941956,0.0
7.138449795763904,23.401310290601195,0.0
10.256208829821578,21.780670166842587,0.0
8.637896685050238,11.17883409600716,0.0
11.68128709797745,21.967702329589283,0.0
8.694752041395217,20.584208584156325,0.0
9.10763313357044,19.943873730662308,0.0
6.220918538108938,18.83444464073334,0.0
9.095387361501846,23.37233815995804,0.0
5.152241346742087,22.842579386368573,0.0
6.832194353028553,17.68136699652917,0.0
11.520829312288594,21.221156861373604,0.0
11.571600317301664,17.08502979637614,0.0
10.85091512356993,15.861145505633209,0.0
8.066047713741574,18.119848326230105,0.0
9.904577287716041,22.587180417148275,0.0
9.992794921818863,22.85937513612826,0.0
7.683270621614915,21.53925626029188,0.0
13.006796603534301,22.17528736054399,0.0
11.754724581151343,21.548534861344876,0.0
9.558071652340672,18.075555214331143,0.0
10.053771677989062,21.29576763402182,0.0
10.416765615895105,22.401228575683046,0.0
5.916530263151419,22.262873989440724,0.0
9.505645234958806,23.56674011442393,0.0
8.636031504004404,22.12491154160319,0.0
7.996759980210169,21.05434462262475,0.0
9.43779941422809,23.210450714949282,0.0
13.595373053699046,19.92043622225282,0.0
11.28168572253402,17.354376046316844,0.0
8.857642020434406,19.510799108168708,0.0
11.145165562712318,17.765292065580653,0.0
24.32482172502562,35.05993263026633,1.0
24.855481329284483,35.277376937958195,1.0
24.20758007900004,36.36065859583865,1.0
24.69203847036096,33.691179600880886,1.0
23.106385333046216,31.980487844179173,1.0
25.213293707372937,35.18384954475369,1.0
25.001205475362223,36.800511181510856,1.0
24.18291136893181,36.238946352939436,1.0
25.659245668432405,35.20965941527463,1.0
25.937570137626558,34.508363814367954,1.0
23.392440135631027,35.80712259663731,1.0
24.237275221433787,34.026453800295535,1.0
24.2308576502127,35.47635776935622,1.0
24.060096898891135,35.50547015916663,1.0
25.82947484193175,36.06020990749888,1.0
24.806173861227197,37.75966003891108,1.0
24.73548515868939,35.39241596717876,1.0
22.996137635593247,34.4910363742925,1.0
25.635418030209227,34.97442568780801,1.0
23.760741605146528,33.23092409511088,1.0
