debt_to_income_ratio,credit_score,default
0.16812714232354412,718.3635439661685,0
0.41040368820219436,503.1408612211853,1
0.17857824795160346,790.1849854625801,0
0.4227861928893689,481.34018480671944,1
0.28534219170191044,729.8372788254546,0
0.20204914504928148,800.4794753781907,0
0.43462804282627193,526.0050427457543,1
0.3011008567225106,692.0262608924336,0
0.5013744017142494,371.6231073761699,1
0.30046954600085224,768.0583186854826,0
0.36964694860664166,448.21121503059885,1
0.20511908855390146,839.3875770261732,0
0.04625998047228139,823.4094988491595,0
0.4309119753035097,480.0171550231401,1
0.5491909474506934,552.9819229245526,1
0.44772620845579625,459.92018395479334,1
0.4312060058686247,518.2638340847701,1
0.42597908190525846,445.51031573849053,1
0.17776951408459826,768.1062803498771,0
0.1337082324162488,840.7244143246977,0
0.3355492983169307,563.076298262861,1
0.2277923775259474,833.491461579149,0
0.2763412100064061,864.8430194441801,0
0.062229142811765725,671.7969476805098,0
0.1883181622329991,725.750144579517,0
0.40592477199749116,474.2541933128595,1
0.20040799067359988,786.0939661910769,0
0.4146158583427664,488.8923126202414,1
0.4362947302317224,438.7907043103352,1
0.4024983750124034,378.4045204361116,1
0.42334349473732164,454.74988573691826,1
0.5307982197628599,493.5100322899236,1
0.4396156424258497,470.5490552516641,1
0.46477521396163324,371.12627717631364,1
0.20003167753139584,834.0372160931711,0
0.4162392541636097,471.61831088192747,1
0.27649250247672336,720.935036246631,0
0.30433397982785476,849.2971941603626,0
0.19163322345914005,766.3817118047203,0
0.3288378020427592,535.9368294731305,1
0.4552114256280162,564.3402072610767,1
0.21288279099023158,782.3738536846798,0
0.4750717168232865,508.34702731262473,1
0.43489323517802014,498.5173925084201,1
0.25150706699939995,765.7037759744658,0
0.39326984871595366,461.80582703767095,1
0.36816055381921103,516.8713645999358,1
0.48652221483497443,448.98834103852045,1
0.44168373633050484,446.7155594784571,1
0.25382397181322797,655.5296651913927,0
0.2333307587805349,742.7598142996801,0
0.3808002460455773,396.1018738258951,1
0.14502848507112548,716.5648092177196,0
0.47724010580959214,399.71149141015616,1
0.5497952833983276,460.00601663345947,1
0.2277973118070864,786.489593350967,0
0.29703275449811745,737.9038783822475,0
0.2649060036603697,709.9777770630757,0
0.18917649909425555,672.7431120028741,0
0.5119643347801547,490.5504049720762,1
0.11713732381077352,675.7576453522379,0
0.47614070358884764,519.8817628703572,1
0.24734340124253112,774.6035930246541,0
0.28714805206824473,760.0511555553612,0
0.20560234245659909,711.6259791283259,0
0.149764254137018,717.5942341582319,0
0.47264173743454024,486.1324800980471,1
0.23293303011904187,869.8428198812525,0
0.41840916747304696,465.2203011225806,1
0.1972753269240657,796.5449013611219,0
0.1570544006533549,710.7574654206883,0
0.38845469869915433,407.5999553897663,1
0.1130212868180882,652.9808440320701,0
0.11924774459160711,871.4455603085765,0
0.5779429238902434,546.156098161407,1
0.35963895711001787,454.5132090367084,1
0.28462754871221024,753.2854431442258,0
0.4475508047537062,397.3490516086592,1
0.42586056591292987,418.97024241659426,1
0.08433964523926342,667.1178609244208,0
0.38129281472369253,474.2552717211501,1
0.4482849333831842,432.4967439780733,1
0.15400060473299915,745.5071087097826,0
0.23207774516734614,747.7403572265371,0
0.18535517157954792,808.7627953162884,0
0.21822911573629256,699.8088695610445,0
0.1784222196528523,680.4648910292634,0
0.6047328485073142,387.875547553853,1
0.45972784047126275,439.32711145336197,1
0.1156659788492815,764.8917843100362,0
0.04185513565898735,794.8380054552341,0
0.17088164987792792,587.8699295921787,0
0.45425343064159,362.92957352261004,1
0.43843797125259654,429.6807819067944,1
0.03514970943648594,745.5145565095899,0
0.18356041509024176,650.3917552316829,0
0.48759390177286543,472.80574216075166,1
0.2535558402979586,883.7993360997806,0
0.18012149700900065,753.1655896299987,0
0.17266762843856778,856.9621951571482,0
0.4564737905829923,394.85513736642326,1
0.3790809451201321,499.58126930407445,1
0.3144756308146131,430.62306900777554,1
0.19064610932379997,744.5789577491804,0
0.4711460000877734,563.9877636189976,1
0.49130359640688503,393.5890953452668,1
0.37257153267328125,457.9289287376435,1
0.49601466895119734,567.0800670786392,1
0.4166649197453727,340.57664339123403,1
0.27170132999236263,407.84515577467533,1
0.3862519934463439,568.6535728301527,1
0.12041167230133504,712.7482005810967,0
0.17544305371321378,760.9881072677904,0
0.2108855972068383,841.2294626121245,0
0.46201859276453944,542.0440117508833,1
0.29256625654141155,601.0115749285852,1
0.2675260870648862,824.942739198543,0
0.3808425612418565,463.63153363031427,1
0.47145957739212113,487.90239097433516,1
0.18892847854064904,694.6370432832713,0
0.3022463309753295,832.0202540301312,0
0.22354495803072602,726.0215559399564,0
0.238303515536503,790.0673217822973,0
0.5113874446361795,557.9476966797513,1
0.5298875259512612,459.55747317579164,1
0.11734294995474578,798.0946057101241,0
0.4132603170185502,409.3633585136694,1
0.45503569111955783,393.32775360548476,1
0.11820955972443138,706.7650826146412,0
0.43344554890862497,448.08868223430477,1
0.2129237903273773,616.4398504013685,0
0.16492293616056805,646.6152550727669,0
0.45105954122814734,385.0852806066598,1
0.3657410024937355,371.62677966976923,1
0.425767246616459,400.4115263162676,1
0.18912654960691383,798.6642030058799,0
0.2326087627202056,789.7672243590052,0
0.24503475005130596,727.4580291855559,0
0.2797359991721246,734.4095509456375,0
0.34560298918073135,846.3547515013677,0
0.22986458534548365,678.9668354769904,0
0.49665989374730546,451.972681015839,1
0.2508904527600001,801.1966176802495,0
0.5128503120798037,505.5442104386549,1
0.14025107631258626,766.0352281743992,0
0.45831554752664244,459.8620372837843,1
0.5744015881949917,473.6938690423184,1
0.2119368888077897,850.5434783994185,0
0.380903979143651,630.5796536358023,1
0.4674619168225828,527.3868153070589,1
0.12126684839411564,773.2825257226939,0
0.4346003669593615,446.40243934880596,1
0.4635459974339215,397.3746264933371,1
0.32141637315377836,818.2718720934586,0
0.3845057166698502,449.3616702349058,1
0.5129960643010524,517.486101780185,1
0.4402561597245121,434.1464775668931,1
0.16766948862843573,807.4110730728839,0
0.5562415714682637,454.317589489358,1
0.30855838098398664,715.2147582417415,0
0.49476511154985775,433.2747530581214,1
0.4179189067567931,407.12938377516934,1
0.41553324505402994,583.982194770675,1
0.2948324411941024,669.1946132236911,0
0.13362238925530195,763.0491318820832,0
0.2521493638633564,762.2700745253746,0
0.15545094604769696,666.0211730144284,0
0.31858643507092915,633.1980518785264,0
0.4881339384108359,401.4966361542865,1
0.2272844547284681,841.2455552354331,0
0.344756925296775,716.1506961307424,0
0.4962933056996495,419.78657810973664,1
0.27235967099280894,786.0706025137127,0
0.33312681400688804,682.2367969042829,0
0.35252147448972787,488.9361006580462,1
0.19966423887025722,827.2714140321381,0
0.4428118710603578,344.66957381782987,1
0.2658291627052217,863.9927988340626,0
0.41801238162757215,541.7216122283726,1
0.2306475253116557,781.1341665482116,0
0.23997875005455271,755.5718503663226,0
0.4848468435332773,347.97139503745484,1
0.2236278378929751,722.1624214469778,0
0.16151078545734143,723.9376662943454,0
0.39127508270019135,485.61075162609535,1
0.38730485479146304,297.9131317790175,1
0.29098364331521437,631.7571873422917,0
0.23319507319908706,904.877172757807,0
0.10411253888697516,721.3219385159351,0
0.27927824193638073,680.8488661369475,0
0.4721763552063396,404.78250746128253,1
0.5064763973439669,526.3917084415988,1
0.2019678197246952,827.4130297050116,0
0.4329875153749185,354.1137914294645,1
0.31421759067823596,546.6063947903216,1
0.3780164695204449,435.36837198997824,1
0.29856037719535783,775.2992122091172,0
0.3857552223750314,403.0565853646349,1
0.45695613641665583,355.7814223827276,1
0.08720453689165732,640.2498402244181,0
0.0747783788838759,673.1842176720253,0
0.32234745372701024,581.9210414154226,1
0.4404691184889986,445.6184810470334,1
0.43846810613352355,485.9174058723258,1
0.4399388407187755,404.95372387339,1
0.43118725888616566,411.2488230804404,1
0.15284083804190107,753.6580943348238,0
0.234512300966394,656.0510576060419,0
0.19380669482405025,712.946752128614,0
0.3345151088271926,599.9589251028304,1
0.19798324611777723,681.7243780905225,0
0.3482276025551597,328.220035485533,1
0.38263802881076436,299.2976584933262,1
0.3691923769158957,488.5036469317186,1
0.4829405535502133,484.24309911033646,1
0.30995342260875214,661.4851115131524,0
0.2929412090897113,678.518627970779,0
0.41885902752583865,409.64427194912963,1
0.5130691185313514,453.99091874279594,1
0.20626135625139277,804.0344108385673,0
0.3866880283984081,363.93152838833083,1
0.36696855382793203,448.6253540751323,1
0.48862524259241574,393.28232940899335,1
0.1787575573435386,752.8927942589432,0
0.18072543403292532,756.8369263723835,0
0.25256280755178767,754.2060196230615,0
0.4630525353477577,409.18457930017433,1
0.33507775547697516,519.8607076901757,1
0.1605299267688718,760.4554437589833,0
0.4907664072432772,424.4274914081524,1
0.10163095024847396,725.539247094813,0
0.5588795140004105,366.8681106679341,1
0.08224245849964527,755.101186861086,0
0.18321438989024993,746.633804486846,0
0.17076782472830437,782.5058904482602,0
0.3917377016629006,516.4687894808926,1
0.27433678117636623,781.4453104899524,0
0.45543928984153853,416.8312457050359,1
0.2635961830427973,713.6422539721711,0
0.49006692369958843,388.54121892704075,1
0.42156546301265,531.3314811825733,1
0.12448970535947994,851.5701006691935,0
0.4803775685528664,368.10582150027983,1
0.3384086315412048,340.03866935520506,1
0.19499372181257835,888.0779523752866,0
0.43809284054001674,475.54727017263576,1
0.40309292346836956,451.31947360613935,1
0.18622708067837918,656.7055821764245,0
0.4953453675344112,339.3166508577507,1
0.1807599424665685,667.268811220544,0
0.08638311998277287,788.958718717363,0
0.4270396429985269,387.10724127462737,1
0.222584571565851,700.5175202408856,0
0.4871744946860746,419.3779189773613,1
0.19739138301116826,779.274402912158,0
0.18103562863837702,877.2643345790477,0
0.4211051027513731,505.5985275735279,1
0.44886055390420276,420.15496826561196,1
0.3034817989856665,799.738437160845,0
0.2715504507486785,885.8852205524624,0
0.42550564659213014,555.0531853444018,1
0.22150721709257723,765.2973829687662,0
0.41919016651572394,477.94561858236955,1
0.2551072666365448,693.1318355743806,0
0.2303282095499976,681.2394176021725,0
0.14447452243642478,596.7054806515013,0
0.5085213730169731,323.86136936939863,1
0.3707590608988974,334.8220877130176,1
0.4832281231220942,488.0308620325472,1
0.18177643827340012,695.1372535212901,0
0.16224419637843268,700.3685329658657,0
0.2211502981014128,771.7776993800237,0
0.4523346026210795,590.4265021711386,1
0.22458576775756986,882.8436911722184,0
0.1844687359778101,775.4180939421167,0
0.1682613375161591,753.4515832064155,0
0.45926193938124343,429.5732111759119,1
0.4038355899333265,510.2331441851822,1
0.15861633355614957,735.0580254454693,0
0.3908781871302538,391.525706271817,1
0.2521492755498138,797.0071820210337,0
0.2532374502360045,656.4292192786849,0
0.31845212221711083,483.93129721061325,1
0.14257094510629745,833.3384016040517,0
0.14011636236113523,684.3452096424521,0
0.4785327076273415,424.0569967539726,1
0.4687717271303376,468.7174619850332,1
0.15089428004347993,649.486333329203,0
0.5138786193488404,360.1905443068001,1
0.48951573474044424,352.72992732654825,1
0.13476524366823187,685.8608129605393,0
0.20348136408850373,646.4389043802194,0
0.18953874452582986,743.1459327489968,0
0.18791050796314893,737.463470048869,0
0.391340553194093,245.5054661553775,1
0.4609171782776978,375.44204358472393,1
0.37680934749631745,511.8561956240671,1
0.20741286175733495,742.556409822808,0
0.14453204071222675,713.0192067335914,0
0.4611630875999063,372.7754143994822,1
0.3950827251659519,530.4046144600101,1
0.42522282409429024,341.03926709381744,1
0.1894661632700471,743.8795269855973,0
0.26105968801061014,711.4919301944423,0
0.4306620600559952,351.5577775429716,1
0.2777523069117809,745.8409373109254,0
0.20910547953492442,804.3219539690433,0
0.13399074602169833,912.4028505412082,0
0.46250138683796116,482.73852202358034,1
0.3838976032662362,431.98364238036584,1
0.2180284615766497,803.1798606838918,0
0.24010042932308487,801.4246281821531,0
0.26045082139021536,747.2686336435719,0
0.3932289940071132,448.69038704878716,1
0.166967789030505,736.9907973465077,0
0.3853937201659,444.2123519910111,1
0.10484100126572252,712.798181404855,0
0.23906817450941945,825.2022608900893,0
0.1929940450522852,680.4296127615603,0
0.1969877229774953,763.5836360524112,0
0.33128868057795435,437.91608900414263,1
0.22815605538851158,923.9632941675225,0
0.40527671303982776,491.63280391657,1
0.4566222159260079,397.09783883550085,1
0.43250296847685316,506.02866676593777,1
0.39528738203265196,475.7155854771325,1
0.20550514906690237,731.6138335778683,0
0.34532071780131496,563.7274920928693,1
0.22743682427691447,833.6334003313856,0
0.4310901674216924,516.7012183042057,1
0.3177970536386907,484.3682466146776,1
0.45796691196637707,378.8924726715122,1
0.18621202216548838,839.5663068832112,0
0.4228850967996829,558.0270469790532,1
0.43469799426652334,480.58567188224447,1
0.1798917331297129,717.9506129672258,0
0.4207555440469077,384.67124286487626,1
0.4628400296455255,515.8539831591751,1
0.18628400507959889,736.4011607615037,0
0.19556314606349645,701.5424769513872,0
0.2308552853610701,824.4758691292599,0
0.37026029934467564,403.2336682449866,1
0.21977052413438056,684.0209395945686,0
0.3597515539948759,516.7195643739271,1
0.506494117239474,418.003262038961,1
0.08740683763748758,692.32451591196,0
0.43865445393588026,368.0920881758448,1
0.14664555030630055,812.1252777189842,0
0.22891196370310948,835.4574909169133,0
0.3249658305908566,395.89856325234734,1
0.46963099494216143,430.3527446193258,1
0.32361322078454563,570.8874695863384,1
0.1326473116253352,889.4087311543313,0
0.23909131948037035,752.3819187750562,0
0.33588893623246313,369.98965610886614,1
0.4426380295826911,399.0397941139606,1
0.19811364977751342,750.551612928631,0
0.1822035524558121,737.2947786505033,0
0.17519209033260344,785.4175887419105,0
0.29200602207777954,843.1402432827329,0
0.3346647774241395,515.2813582311163,1
0.3661647377108501,535.3133296188122,1
0.41579005731248114,472.3422157293426,1
0.4303908555510709,338.49043865278315,1
0.4243990780313042,479.6519345915423,1
0.2818847301158649,407.3151966976433,1
0.11604162951188354,600.7183061691615,0
0.3709067590059916,445.0650855358636,1
0.22555323237158215,799.8898420202931,0
0.5179446782358981,442.214175705591,1
0.18149103269265082,674.583674611067,0
0.13975672418947943,761.1623754762891,0
0.48021197387352144,531.2578751164964,1
0.2205402700693773,738.8446437497865,0
0.1974305971213055,911.2547126473353,0
0.21532302534045902,833.6214554359611,0
0.412324944511154,500.566695047944,1
0.2117014990416876,757.2406690515675,0
0.1561426234570716,820.6630252017178,0
0.30497503425232525,760.1864838437768,0
0.20455731607496525,868.7006014467605,0
0.3984424745527764,479.68427311248627,1
0.4050621510912556,424.45330893199804,1
0.13948671895542752,745.4717976477237,0
0.15856753686102446,721.046903405925,0
0.48895639957714054,432.7756258309036,1
0.46508322740230734,579.7864796433931,1
0.13882013967847306,844.2358029341924,0
0.3524706571620974,444.55139620910387,1
0.2284179246086873,854.8202178225738,0
0.12780794867665135,677.0195613730597,0
0.2103103603876119,761.2342736781436,0
0.45024279093107067,632.1178179926277,1
0.4317507153058609,434.35738123397033,1
0.38088983353187045,417.37744486922304,1
0.5064070329269683,456.27064768786744,1
0.17213574426143674,640.6954744290698,0
0.25123855859313343,655.6367021641883,0
0.41642847863629195,455.3203773988688,1
0.4228439202789848,338.3707852913243,1
0.41759052296133936,436.3564203753123,1
0.37244875569403796,423.4610581308759,1
0.48392882250392105,380.8974330994171,1
0.35513620034400617,510.99081082200706,1
0.5436448754929192,487.6807255334743,1
0.12675725444515049,771.6999288215889,0
0.22005058503469385,865.0364709063174,0
0.3959267716868498,438.9029298881121,1
0.2816395157503191,721.2001375018798,0
0.20635366718691406,750.8749525335076,0
0.46982014899265473,392.0686845545896,1
0.4353617840588325,376.2422306597552,1
0.15174105442040048,749.2235597235979,0
0.47234743969680865,422.58460028047466,1
0.5122821939879582,483.3928579056185,1
0.24978394507275048,758.8324532563377,0
0.4664780432057602,446.0961645639606,1
0.396895063175021,477.70624734061863,1
0.42349252310676,465.6739893845263,1
0.1726327503515487,762.6743919939757,0
0.5309373656967207,490.5743221249503,1
0.42454827349162355,435.05899903488546,1
0.22451916868884025,681.4195142698235,0
0.44001972631721686,513.2754388760337,1
0.14422934838845541,693.802288923441,0
0.21103007097935028,652.8020212318153,0
0.23995545512326769,724.697606331421,0
0.19023242563566237,730.1802772279362,0
0.20007232852173346,784.0225402592346,0
0.13449794743164115,749.8317311356802,0
0.3621045923651937,593.9344990958225,1
0.21966927037058512,742.0810363238982,0
0.15150405670154443,773.6616436771196,0
0.4242939742331635,374.9502691610075,1
0.18580668276686324,733.2348654584775,0
0.2758224006592801,785.4368692514148,0
0.2403716741580092,628.8159087588552,0
0.35049811864844743,485.9159794068105,1
0.41312760928484293,534.0289735561098,1
0.23283588784267803,688.6258353151709,0
0.5177169327342775,432.5916211671517,1
0.43284562464781223,407.90426492341504,1
0.1778283842699985,812.2325985595925,0
0.5667451187770095,437.3664060486562,1
0.2866179202081289,712.5278301202638,0
0.4341368734865139,336.94077288661435,1
0.5102038981060291,500.7567050793598,1
0.19858687094754573,786.5575445212445,0
0.343174238850223,497.08015908419117,1
0.04374716860237196,833.0714234124132,0
0.4984285652569457,546.2994769318134,1
0.20860330804053506,600.9886133909631,0
0.45886131228604154,454.1741258944122,1
0.16114749166189044,803.0246604536239,0
0.27373883014934375,819.728275043779,0
0.20502959767576168,611.5242325437633,0
0.3861765268317615,461.9291355662841,1
0.18821200499431417,711.2955413842889,0
0.2585490031606826,797.5262891433563,0
0.43220781815203335,422.02546700697786,1
0.34513300908210903,351.03998521665136,1
0.4723392382032407,403.16490829380587,1
0.3432253819958579,438.18247937669923,1
0.14360581393346813,652.2017270420906,0
0.41666713806620287,501.44144502348723,1
0.33384827092923364,492.6396684635024,1
0.40659223288044893,380.7260304400764,1
0.3861552821557963,456.8588207429627,1
0.34798221557665343,404.5505718453795,1
0.5328694241664353,484.7689456265565,1
0.4601803529298023,404.40501743457196,1
0.4038075038823977,493.34079827036385,1
0.4733778477374062,399.6592676530306,1
0.1594575152503033,811.6985270246499,0
0.22097900283798164,755.1237893701186,0
0.3812056269454484,350.71439869468776,1
0.46330032384259406,478.2611063235627,1
0.37509080780660675,514.9488089656866,1
0.4206139836611752,427.85140852136385,1
0.34183234967716164,744.3385051494176,0
0.1780095787779169,783.6635664924227,0
0.2409231239427572,544.9385916998413,0
0.3443469627398973,473.161616255012,1
0.49666060931391054,601.5501641430759,1
0.15449027991799585,710.523675835923,0
0.18900820287677675,775.3162742872912,0
0.4861981129209913,443.66267023870876,1
0.40693912780636676,448.2481128878399,1
0.3864646891637047,272.8798734077569,1
0.3840364412733587,415.84620142980083,1
0.17551394965038677,753.6162683795756,0
0.5021178934519409,312.35503874367987,1
0.1981364640277459,698.2440014778674,0
0.416035212081161,472.6217399929347,1
0.36144760482136,404.2147021810803,1
0.37780941449244676,390.9727383278666,1
0.17784337164522782,755.5003920803405,0
0.4272177379027139,427.4124112810505,1
0.23592766337371462,798.4999029072468,0
0.455586075478103,458.8465705682488,1
0.29324962524288645,724.0592066319452,0
0.44226875240227853,503.6256194869283,1
0.3587260309721572,467.7617763046201,1
0.26211496008342516,759.7342279057392,0
0.06766603657405587,825.738936647496,0
0.17645173363634764,695.9201875870631,0
0.3031626743724378,567.7804038520891,0
0.35574645011633327,514.282162420162,1
0.25979423063476687,776.5407183108287,0
0.1333125225837781,707.5447628248982,0
0.36662913422246857,503.12500128507355,1
0.3846381145833473,449.57503619220745,1
0.5445240479187263,397.69518245965236,1
0.16519680551779745,826.213875795167,0
0.14380961751262428,816.5011080068751,0
0.2911570354185061,788.5558300591564,0
0.3881401826998909,479.90360533101796,1
0.4897898251292976,373.5381064729195,1
0.3253065663721955,747.4922094905476,0
0.2636125944499328,754.1288955112718,0
0.23348837087111038,761.7641864176774,0
0.44987989747472695,569.819593609964,1
0.23753785601876007,773.7081122545183,0
0.31738989644060245,431.8317325691258,1
0.31784498374572956,428.7774152016008,1
0.4051488818669097,447.40742420661115,1
0.4259599383257535,378.30692229695563,1
0.47850718400506503,460.4067220041478,1
0.4495470758404889,378.06274013518293,1
0.29066929581484086,770.8710926193368,0
0.16051301065548462,729.8015912887007,0
0.19614870937349016,637.1902848628021,0
0.38626274824554163,463.85375484238534,1
0.5252876509190618,582.991735442665,1
0.44212039853237406,498.7868083157515,1
0.21198862602312282,676.5241150763042,0
0.18201940111959278,772.4550008152879,0
0.4967071117564379,475.87495345386657,1
0.4067418240280066,491.2004883094427,1
0.14922104135205586,851.3113989574265,0
0.3514217821301626,545.4898300981691,1
0.2890469617121579,695.9138388310423,0
0.15084452841671014,690.0259534321245,0
0.20117699946163942,747.3700548514363,0
0.21561683039497317,699.0209458315371,0
0.3857292606130322,438.5853125239365,1
0.44085490232170027,506.5640458796802,1
0.1552052992075857,715.1700413130355,0
0.2754289530117544,698.4260904836665,0
0.2507094782710593,768.8506326806514,0
0.3595148213449557,486.115745239287,1
0.40193377826464266,447.3044071349505,1
0.3611094809371229,534.9168389985429,1
0.24022883703447276,822.9207264841195,0
0.39476128063407845,247.26212352644174,1
0.24743753594976614,608.1934488822036,0
0.1696551977442838,869.2220826942627,0
0.2937733261104919,822.5261355732379,0
0.4304746687699103,376.2609105778441,1
0.20491973338481365,730.1091431449842,0
0.4085796793149835,534.58563614152,1
0.2158412048800202,845.3793996898717,0
0.38814787362478076,563.0907976483762,1
0.4495990740528533,440.3786039760616,1
0.4334330414567479,530.3911996437729,1
0.1459627559211279,659.4800919368946,0
0.28836024054505893,777.1818403796415,0
0.36632356186682974,512.6526819853281,1
0.1694621824575501,761.93246396976,0
0.4178504376534029,455.3775323742179,1
0.1411300681316191,811.3518951852055,0
0.17076628615318687,688.8927236682409,0
0.25342298981118716,847.9716251602056,0
0.22998110661817606,751.3173334818418,0
0.36266757356397444,423.9016793535763,1
0.2853648881659964,765.7684882073285,0
0.38445636454566784,498.7471213219701,1
0.1427636348362013,662.1554132398395,0
0.2290325990712824,694.7463045996228,0
0.34470060053470525,695.7769520986992,0
0.18614801756931387,818.4470884780341,0
0.14968485209316615,772.3667269548068,0
0.2892347693201556,893.7080417151165,0
0.4859266111192314,507.2436409440201,1
0.4317912701820882,486.4785699865537,1
0.4573709959408499,397.02434380013773,1
0.18236198314014906,813.964013496991,0
0.25413663042719886,719.8212101297431,0
0.40786844085396634,483.2288763015967,1
0.42385680114572777,453.06680303853767,1
0.18616852248918497,791.394446923088,0
0.4326610480321571,527.4956468500881,1
0.18856981364013134,582.6786942771394,0
0.19708085890577295,821.8890384323812,0
0.17888472093100946,711.4613647804059,0
0.45131649393701384,561.615354425748,1
0.14790243608741802,621.1945578845973,0
0.2559314938556231,743.4939055370488,0
0.32860878571297353,385.64307858895035,1
0.45901207067751965,468.8388858871575,1
0.5130300295688446,369.9391654875537,1
0.28733188145952687,447.50509623917617,1
0.39404650873082275,393.7774734523759,1
0.2438458471439915,763.2635874854757,0
0.1382377095090757,669.2667317755978,0
0.14823345415741276,861.3407450832495,0
0.2147902867059203,781.9132936619492,0
0.12246423829366289,759.8687889728442,0
0.41089289429786496,321.46562388276925,1
0.16253927661720657,804.7491001072021,0
0.25246335084276367,764.3072322122084,0
0.3933424043954333,451.45555953727853,1
0.33311916597502533,417.4282680253963,1
0.24456094510158333,882.8102086341178,0
0.256478634846049,775.9042780688269,0
0.1878211617562606,685.7311111608398,0
0.15831721213465652,792.7151318712456,0
0.15892221045439978,720.7463317963876,0
0.43332802629802275,468.69886557080383,1
0.4314659440811942,442.48884991970397,1
0.18419310703506506,744.1397428105552,0
0.1426138173909195,683.3378533482842,0
0.5262480381381306,437.6879931297364,1
0.509762658689351,432.33525485115985,1
0.20432221167702472,611.7158560148004,0
0.14627922065821858,817.087007388943,0
0.18623655535591835,779.8090561040881,0
0.10354640813786156,743.445466788258,0
0.3683229479203042,462.9185912237926,1
0.22637007383721358,763.7292021316736,0
0.3839869873704723,477.53224875760606,1
0.16466799039567825,826.3603169422588,0
0.43936311362028535,346.476190185811,1
0.16735315987314844,668.6751309261346,0
0.29849144480054357,567.4390569853508,1
0.4106593658764752,435.7428374876124,1
0.14679914466299257,865.75320879446,0
0.3043310811111999,690.0451233813561,0
0.45090286117836287,351.8176309740214,1
0.18617595714765398,692.8647928820625,0
0.13916624286244775,766.2950720058114,0
0.4398758058842138,488.0520108216103,1
0.5117730191676368,390.75503415063883,1
0.163484616605618,882.3308479609047,0
0.2116464578572015,736.3226754176084,0
0.2289240036401232,723.2027967270922,0
0.4441027033259365,381.8851741382911,1
0.3907724769741182,418.27403654709076,1
0.1390943484903279,627.3719835273797,0
0.24707625727388144,707.1483157991626,0
0.1712304219560454,705.7071479080473,0
0.1737968158375643,634.0363754625558,0
0.29968820994368106,724.1554959686788,0
0.2013479535687228,740.2421959535736,0
0.2509058529323171,838.1463267850759,0
0.4885693688709012,464.07693327004773,1
0.25529900671546757,619.9468984021199,0
0.18726746180593087,802.5769618155117,0
0.38024257446324916,434.1461130805118,1
0.36554618027750413,319.3424368048858,1
0.44142675429070477,425.55196069771,1
0.4367412915462203,412.0128340186185,1
0.2381250818125536,718.4188799113701,0
0.36961668946915344,497.4548109937488,1
0.17050182886207718,752.4108708194088,0
0.24540732079921893,839.277351659931,0
0.37149038382640875,476.7354816562087,1
0.1061118337182767,739.4829907841219,0
0.45770073055585675,491.9950110997343,1
0.5147527689304434,512.6635254019412,1
0.37645537121079203,466.685828791435,1
0.22337685064225424,925.8089586109096,0
0.41428226805678287,323.9259586093083,1
0.37614419760348483,504.5762372588538,1
0.47730853923007427,569.1550461244667,1
0.41952164152100296,411.36992978752875,1
0.1636483507544664,728.8473589112165,0
0.45529903238907454,485.55939288387805,1
0.4172648390186701,528.8235175540518,1
0.14239722228323218,604.2530907767708,0
0.13300853360308046,778.033697055443,0
0.10394576129140908,700.4661873624582,0
0.45636059708073834,433.11196417670203,1
0.2606877821245014,784.7811513355318,0
0.265458825511158,851.6831721840325,0
0.17341735873229108,642.0038939353248,0
0.1704858531496277,734.0766618032615,0
0.12525695741321693,746.5679461413374,0
0.2804276631074209,572.742774034622,0
0.1455346291911848,778.5636992785729,0
0.4674997616377761,439.9138710994869,1
0.2959534739976074,462.6715091092595,1
0.4573085977330318,398.02705900113665,1
0.1911331808709517,835.3279552855564,0
0.17849959087872666,676.4901482278498,0
0.26429258913409315,768.6772877406781,0
0.507212044629439,443.11622612436753,1
0.22746637196911315,641.5727632462567,0
0.32660224958856576,478.6873059849959,1
0.47492412706212445,522.119841782229,1
0.22746119516321311,687.6777506386089,0
0.02053184174595662,779.9730373467403,0
0.35788546065483756,476.68108694179443,1
0.2570869566234852,832.7323765071973,0
0.48185997134975705,411.4786392308206,1
0.2580910796319717,706.0880587834088,0
0.3298114228129136,481.6660257374814,1
0.5251362266054174,556.4921236345716,1
0.3079640884444951,471.68744971589194,1
0.5677945267491171,484.6977321580823,1
0.3619814314122472,406.12979427870243,1
0.08800760291836304,804.5544302733732,0
0.4543549668813695,397.85681486354855,1
0.4366014479598011,397.2224787793327,1
0.33987933847739393,444.18260991599135,1
0.36863497044546795,456.03007181324625,1
0.2554562083722698,659.0548545587923,0
0.3655185554687273,427.57568842639756,1
0.4782942570572613,391.2553232862696,1
0.1684379094399452,836.1000400903405,0
0.3028747320286499,356.8136932509555,1
0.2734141329451177,664.3973486311105,0
0.48350546921097526,434.512246348996,1
0.12065252259538581,712.6479785492584,0
0.16650189476323818,828.530049936133,0
0.4854904111153477,488.27134977409656,1
0.5311366910705363,333.1991148285687,1
0.34318173607974634,471.56353776528715,1
0.3391088746736572,501.7167336621252,1
0.35990279940630504,474.6013745279108,1
0.40108384532157926,429.35352251955806,1
0.43179328659069444,512.7787521105872,1
0.48948665241000405,384.2465224326872,1
0.4373864914137848,448.5042893956095,1
0.20245515052374327,728.9398177001422,0
0.38863661876885763,474.5441069491491,1
0.21683818426940818,692.9237060178715,0
0.2353131961862432,878.0734141201261,0
0.43462123268951475,450.21322141073904,1
0.4856514911082569,509.6941572585554,1
0.3407726032149434,349.1964382183994,1
0.2532593255524302,749.9780429171758,0
0.4511607908544703,448.9283105578903,1
0.38890378690358113,595.3723588492588,1
0.44061709737410765,553.3578244808127,1
0.38816993114336834,366.2881856575371,1
0.37713891491841794,520.6871962539844,1
0.45794446434333125,406.41454467858836,1
0.24117910741740206,815.6540876257459,0
0.3082608865872046,762.962287578094,0
0.1671991949247641,763.6837212087304,0
0.24318547652889091,765.5602899060598,0
0.2177945327084457,791.7508796307227,0
0.4755706528518985,504.48527533166464,1
0.21518991428227888,765.8033066178228,0
0.5832101499953771,372.748747794896,1
0.19944198073168243,726.4621682923249,0
0.17290043143042266,612.1753800308742,0
0.4055258365286202,325.8877272255183,1
0.25033643002817674,746.2266605695983,0
0.287349339328806,812.625303130171,0
0.4355833501032889,415.7805404749608,1
0.3331149395101605,271.22552055686316,1
0.14454601134390174,755.4700144078753,0
0.1505291503083396,698.785778276403,0
0.2495058958800581,653.9828411938673,0
0.11790109767003139,774.3293129662486,0
0.2828872447214292,707.0114204494179,0
0.36467008054934247,546.241349340373,1
0.15934612085986072,752.1022035414858,0
0.47194531165020726,378.9670288514993,1
0.23003994328287258,654.3923091209193,0
0.19194325026882175,751.2881141548406,0
0.2432937503075686,660.0791014010022,0
0.4695249809392818,547.3145284312119,1
0.4244456868251865,469.780596534181,1
0.18275314883597868,780.0538575961214,0
0.24173226545394666,673.5485457097337,0
0.4528258428702022,526.0126896082105,1
0.3490044892400535,471.51846884663706,1
0.3855802795871858,542.1980547137906,1
0.4214706104555365,437.8937758053604,1
0.2977125278893288,454.68935020574105,1
0.4656248793686578,478.49366009871744,1
0.36857054661502303,547.440160044122,1
0.10865844882692655,624.4275251492477,0
0.4482881014281597,349.3205415177843,1
0.42493703935652544,435.2208832820614,1
0.3214585773972112,909.715628557719,0
0.3449076345485733,386.5987389396167,1
0.27017539954566644,744.5945268343868,0
0.2177374693248257,706.9973799132594,0
0.42797818044881253,374.90798819821356,1
0.21183894244433576,864.2299829362377,0
0.47397599252599504,514.3353538091438,1
0.3794164618764438,436.18631057848717,1
0.4221158131183037,364.2991234597444,1
0.17696172368285892,765.1637482783233,0
0.1035403383729165,647.3250366569026,0
0.4310005203443011,522.7933281177253,1
0.42169910256782756,525.3204997019019,1
0.14782021512351834,865.4636626026745,0
0.44424305140887227,377.20658510121285,1
0.3605678204921587,471.1844825667323,1
0.20464883111113177,751.9920306828211,0
0.479059343908595,447.67390065488775,1
0.35984823812173145,268.6270395498563,1
0.15594957207329027,680.9937333932521,0
0.38852878402321356,386.74086974889104,1
0.506818673061224,562.8554439778798,1
0.24074856652629173,671.6317710131782,0
0.6511638894392833,572.4703720230857,1
0.1704126306560137,784.7339431154321,0
0.43364759607624775,429.17055476480056,1
0.2546817633304833,774.896826399426,0
0.1603807316315932,875.7452576048875,0
0.09284801048395334,764.8465347151923,0
0.3572475854617985,661.0957237901578,0
0.17855327463137438,786.5499782153755,0
0.16099856393558612,744.7034076971919,0
0.248849105727096,624.4825483225796,0
0.4141972132877764,441.57331852324813,1
0.14439810146916138,733.1534377828851,0
0.48400048137534923,419.4529876631402,1
0.45797590906533064,468.22252871398547,1
0.39219493843125225,542.2175845944028,1
0.2200315979941121,811.0537900051085,0
0.19626853898004135,846.9172433315734,0
0.5151610089687211,499.5676073682013,1
0.40878770135031844,416.18572638215926,1
0.2252583766633634,733.0123106231576,0
0.39041994392047,624.5099662202954,1
0.3630360666700834,485.78418196674863,1
0.36062371078448513,418.68746730388744,1
0.414049448173237,425.9765407151813,1
0.3290553531001661,506.75657912118476,1
0.389791460753028,473.01336872124364,1
0.3253723233016864,697.3295333852875,0
0.5455432365411276,484.05511506783415,1
0.2196046858761392,622.7414542228992,0
0.44294458477104304,456.499143079878,1
0.4625402254553107,495.165091016504,1
0.22451643846210606,723.9699482404934,0
0.39673790640384093,333.6255608375028,1
0.3584090820353364,502.35371792822735,1
0.4014272136411606,585.7250299340799,1
0.465538153229596,537.3419450871613,1
0.2524710244479514,739.4775677809689,0
0.22425768529770185,753.2201923077292,0
0.3485217901678411,518.7235840894116,1
0.21575367974011553,665.8495331746738,0
0.40674214957022015,405.09628833439336,1
0.4604891695299962,318.27056681516524,1
0.3592737374843899,426.56572675254216,1
0.4500550312574628,555.9414820269492,1
0.2674612015922302,781.093882910347,0
0.1309391549828296,762.4933664719773,0
0.36127417705306153,594.0246828798189,1
0.4431190427837302,480.83323165722794,1
0.13747733526541384,667.9436372594351,0
0.540612272325981,421.24299984317906,1
0.46269689268533337,542.9735899294341,1
0.4377672166238745,455.50446332212636,1
0.15948930350153712,616.4534709485827,0
0.1504753682012627,653.927411648113,0
0.5319464706686854,401.82947583755936,1
0.4240511088846065,485.54850294027364,1
0.22098800147407446,664.7902115445664,0
0.43867500927261216,479.36727107349196,1
0.16920821812919626,739.4090545837234,0
0.26094181149641926,508.8434018553187,1
0.2204353529840298,764.5461755147319,0
0.22750320221308906,761.0433007505638,0
0.10981518189441092,829.6120179655311,0
0.3636072128203587,491.0454813128565,1
0.43526525059807275,392.1183752172098,1
0.40412059000572265,380.7986224994358,1
0.3660951197190985,482.19805000573814,1
0.3312848252532095,398.57858962413655,1
0.2871956397992621,602.6047140711772,0
0.20869326998581347,713.2803090363064,0
0.18490766683733026,735.1833112648176,0
0.1346220177594567,693.2299395459809,0
0.1214707760528533,830.7730513979023,0
0.3889626929939777,440.81201230353867,1
0.19685573296535183,703.0919359682036,0
0.4197838476545659,516.7187531763261,1
0.2004237895176906,785.1949098826636,0
0.3772292530393701,540.7896182592776,1
0.32355100592632635,439.4961089077231,1
0.20515358037759984,694.3110052441382,0
0.17995536614120358,827.0926070415034,0
0.38323267857093685,541.3038170014706,1
0.5253204505465923,525.0755136116861,1
0.4693902350377149,383.1414194455453,1
0.12202512578434416,797.7448643043842,0
0.42178536836974456,451.491815407036,1
0.18370069338043682,743.0808359132486,0
0.4277532709185136,673.5175297491403,1
0.4414209291579028,455.72805509832955,1
0.3779927511036496,466.7472804877805,1
0.16974921013953972,766.2012145767901,0
0.1658100243056745,866.8348668078432,0
0.38821438777397765,431.8670497925508,1
0.43028209687139823,417.8781015991742,1
0.3615820198388298,637.9810226847403,0
0.2573180334942652,803.2592658018034,0
0.4241137784883616,479.5344527964699,1
0.19132887975706894,689.7730492454349,0
0.18093709419462597,757.6585930283079,0
0.26234670724521614,689.5281927587164,0
0.2730775491383335,724.4145844110313,0
0.07079942480772536,682.47062019745,0
0.2474223137631027,737.1794670262693,0
0.4778025677546593,521.5799302406748,1
0.4302519262876765,384.51929085687834,1
0.4075126649785635,477.2005023171675,1
0.18121651816861076,813.0279011876545,0
0.15199768613614123,836.7708804509093,0
0.0749532236300847,847.5418169267102,0
0.1869172462764576,737.2201717934321,0
0.11883978284938795,631.8858957022503,0
0.41553399425399723,419.9488442837918,1
0.40716066934646944,435.43181999092224,1
0.3768933467248538,354.31849111092055,1
0.21944342169329364,721.1445478482871,0
0.520586238736517,362.19974037815257,1
0.43119654738938146,406.5406681224219,1
0.3928616208450554,528.687890399021,1
0.2454753109954172,690.8540992984553,0
0.24099973956866416,718.1816596879589,0
0.1725619006947926,792.2884622711963,0
0.1629648088071846,681.238749373588,0
0.21300653382575777,862.6146599014062,0
0.37300480245982576,533.2629342247249,1
0.38678104167916905,540.2826927857922,1
0.373959146226717,435.34734259936937,1
0.22952113087956796,678.1541554633875,0
0.3793702973092733,554.3508295794967,1
0.23346146364350748,771.9229131705486,0
0.23777177505330865,772.545761753689,0
0.21436427003212263,723.6589492552503,0
0.43602301595215553,299.37292190694865,1
0.24444946072520754,777.2285110546529,0
0.21279762244237632,656.5162901630076,0
0.1569248665551439,652.2947558465261,0
0.1430650087505098,709.3546188212234,0
0.1671038723044954,713.2736315053238,0
0.40153330590281994,571.2760499639564,1
0.2591269811369131,762.0578070487726,0
0.2328271469105126,801.775720620727,0
0.4574471890231293,365.3213680011225,1
0.12018118245566063,698.6790662023002,0
0.4394499811493065,407.3341458488502,1
0.23674812764081615,739.379989649594,0
0.09342588602610082,782.071768035209,0
0.2337728516104613,608.7058494927953,0
0.5338075789592368,489.4736384036652,1
0.434517736293962,595.2682610837686,1
0.19302625741268253,817.2213357397029,0
0.3710513829020737,469.6833996778563,1
0.4617723818888051,631.2694549413029,1
0.1917576926960362,726.6997716932242,0
0.364384171705315,489.08288387652055,1
0.16785191221686213,713.1884226873357,0
0.2612829977257639,672.1893825340514,0
0.39639967126035835,426.6326357170793,1
0.39943874435517907,422.57692956693245,1
0.4466291656887737,400.6491700969114,1
0.42998713249278336,461.189947439818,1
0.4400674073992215,528.8693595779308,1
0.21806644035150452,678.8884821107015,0
0.4688110330421802,491.81800488949006,1
0.49015773542674035,442.32731372519186,1
0.2975575349217238,776.5837345228628,0
0.3837608887970507,535.8853256719016,1
0.4121914167379389,436.91200879101876,1
0.22520566942711048,736.1443589710723,0
0.09342521999201289,785.9530124961767,0
0.21108443473374347,714.9018497180055,0
0.4436671285426978,554.4881998271666,1
0.3461481410139627,499.0820919617629,1
0.3192236667019665,805.5222981753075,0
0.3203087962638624,326.2092444106004,1
0.391684088052634,437.02986387856043,1
0.46459584564136286,493.07572388091376,1
0.47003532927293423,428.35536460650957,1
0.25311388897933945,911.5541375431277,0
0.1509746821359086,641.6887207743144,0
0.45086633004352494,432.44168884814667,1
0.34714868323273607,311.717340355229,1
0.24922064075674738,751.232927635356,0
0.4577777305154167,472.51884643372097,1
0.27414693150932923,686.6769937504364,0
0.13113851661105996,813.9431612412185,0
0.42665535538259197,480.54265687718225,1
0.2707835125016426,699.3206767780174,0
0.4177419178545091,412.5270269832254,1
0.2562542082575935,717.0212743727485,0
0.3452556732772807,472.3847353899776,1
0.4430439269363584,496.4016888067189,1
0.40685396827146814,355.03927367636163,1
0.32846848974451565,476.397027573153,1
0.45845057167602055,388.26877441405975,1
0.45377815420143425,449.76378798123335,1
0.5326077487534839,383.26699742189015,1
0.23753048100986215,977.0165078716312,0
0.268408942311276,701.3779741585798,0
0.15380023602815257,772.1450825075301,0
0.43735011863446904,538.599548860529,1
0.5113817913844815,404.7144255606098,1
0.24700343055695573,726.8915934223485,0
0.2446515182899962,845.9375300797699,0
0.4654504626028383,477.62700708760866,1
0.4557094215262148,487.0784928049712,1
0.40595178258304915,477.5439769795225,1
0.4611756114224708,494.36438166524687,1
0.26704392895414764,632.213891411412,0
0.4078172768374204,471.1254329873626,1
0.3770817774444019,517.4715381756437,1
0.4318116741521474,523.2968811828508,1
0.45178825067491696,566.2881450183509,1
0.45029923673882744,409.28233602359495,1
0.49239053799050136,489.2643613558867,1
0.2355088480244827,854.6456759217265,0
0.15297406006481623,722.8610058514007,0
0.23208904018075463,759.7921062987389,0
0.3526366787062621,411.5892564581327,1
0.22344175525568866,659.5162256993416,0
0.26183483513744343,692.2042422038501,0
0.21620344150348533,840.3451122645783,0
0.38718846352557645,441.73520311062447,1
0.12497553596181696,832.844556682295,0
0.49832872842925974,450.72468338903667,1
0.48955978820185486,416.7567440364233,1
0.163265795929535,753.5838531316759,0
0.45872255697510883,376.86335641852764,1
0.4822523966554739,284.5947295120713,1
0.13660654143438486,803.8187773178228,0
0.532921469788502,514.3460254202643,1
0.25924007099534613,683.7977757512253,0
0.20914129232202333,765.6951483003555,0
0.3553353133242416,439.7098598860058,1
0.14033903752348928,697.0945949889147,0
0.195704044888516,641.7989149316487,0
0.22529519663686734,779.1512226671017,0
0.41567939270517995,359.3722966995366,1
0.38733703652848905,570.9280219070498,1
0.4355929676549054,437.8849723001291,1
0.3683751980829628,485.9520074598802,1
0.3936161365035495,460.27551083898845,1
0.15420283374928512,721.172364172544,0
0.3898945773849278,480.10291530337486,1
0.12946432366250893,724.7972511870112,0
0.15291428551233782,672.0167484886605,0
0.19427214517465563,687.5048739155682,0
0.22212398883905118,741.3389737607615,0
0.28785063432514624,691.7631557753884,0
0.1866078647219117,780.2584065443909,0
0.41347439109258854,458.3706257889907,1
0.13173885977451102,757.7960821288036,0
0.18153149173166697,699.007686482376,0
0.3080306708906512,763.329672294754,0
0.24842735579823863,575.8170852610907,0
0.21501201237510167,678.1973121451806,0
0.21567503187403136,738.4058012777657,0
0.2738524707892841,810.0609936711502,0
0.4263858136615138,448.39923563907826,1
0.46140863950266675,533.7600051165144,1
0.4020595589720479,420.03193873238615,1
0.4425418811007403,458.40219287027827,1
0.19211164425969995,790.1621094703089,0
0.31170707396012887,526.212403379293,1
0.18539696123749894,682.0913017734249,0
0.4758768071469719,402.9863642443364,1
0.34260234601553674,594.3767443470201,1
0.4648376163073957,437.7528170313214,1
0.39818326726716863,499.6616271997328,1
0.5155911975983638,581.1308443352282,1
0.4660460837491745,494.4620261177379,1
0.3922634826776974,344.0399925171021,1
0.20931144103153876,833.807284655166,0
0.37047016819244927,407.0618135521342,1
0.48342733357313494,339.65254901110256,1
0.16210533625008014,807.6295940974394,0
0.5331711540726318,492.89417335437986,1
0.4071931708972891,434.2664218675122,1
0.17298864410891532,732.6029967347886,0
0.3802928121138967,489.82881554296927,1
0.45908347507834785,512.6447063861109,1
0.18290747039781977,783.0079666292744,0
0.12565357546076597,783.143032932466,0
0.3433950854507814,496.99380535153256,1
0.12084516832407396,701.3013585962055,0
0.1968127608189473,884.4257251500983,0
0.2349215940250836,811.0620766019915,0
0.45423592011558955,382.83925342935646,1
0.4227343103942288,443.8202566154122,1
0.40525541615484334,375.6324530297184,1
0.2746807748442072,745.7297219701231,0
0.3473390280142526,439.6678189590932,1
0.17201027724630813,836.1155522955552,0
0.501338271528297,394.05655953448223,1
0.25094612664458865,808.4325928427418,0
0.162940886273939,698.6876903133208,0
0.3197400493870379,827.0574978895824,0
0.3912495457292826,504.0189097453841,1
0.1357367792210571,832.0929791687212,0
0.37787681436735887,500.9340680545886,1
0.4047013669547487,380.04884373935624,1
0.42681104071507486,459.3478633347597,1
0.13986875265311166,665.3366145206836,0
0.37036614338686064,462.8351943845409,1
0.24292287892647466,755.0876367030539,0
0.22798150246678006,720.8823150436849,0
0.5673180083946536,389.36776062498495,1
0.37911554015620463,575.4710425768945,0
0.3048737270820575,436.65223194656573,1
0.41306110305670557,525.5076583401907,1
0.5514273375485987,369.7558224886918,1
0.33733983792257455,453.4202049227993,1
0.37938467998164244,484.5821130397917,1
0.3721862846717714,482.8141979252517,1
0.441698161502858,417.2609159081676,1
0.22489193002171465,699.9723526106698,0
0.16611355974974348,852.6578601495022,0
0.4489483449145911,340.06495774637756,1
0.40067630902765944,364.06745294041053,1
0.3709838597407658,429.31637773795876,1
0.4176266907686007,427.6662245033367,1
0.3562617771764337,562.9597888341053,1
0.4068196867297493,425.5943505914499,1
0.19263746398425657,788.7204409465446,0
0.15742520871504964,773.1595913230905,0
0.3522175887205429,574.0576117668821,1
0.23313799626077142,740.0497424141618,0
0.4171373186314812,510.36754306679313,1
0.4447668556161899,620.7826684437491,1
0.5259272544168658,466.3650138253523,1
0.44199589476581086,412.996832277517,1
0.192472744399826,780.4339045189823,0
0.3868666173431417,470.20855404959,1
0.23627091958132201,667.5371392836533,0
0.43566331633079336,310.12595208275246,1
0.3192365599538485,756.0688389590077,0
0.4789614590367308,375.2537954894565,1
0.2218179129574981,760.3662593858793,0
0.39943712900839384,596.1862293346509,1
0.5101414231257617,438.30148003495117,1
0.2628152937546153,519.7386773612998,1
0.16655461681350073,721.1310327248464,0
0.12732968424315314,660.3681100298273,0
0.3932139831269683,438.2299326990647,1
0.29194206348068696,657.8928928500745,0
0.15819369089422552,822.062023711885,0
0.2422703923894834,653.8998383963255,0
0.5736050722961277,455.2803547231115,1
0.42161315033967184,480.23457812717584,1
0.477025430291163,452.24029043460365,1
0.45803514133908063,564.7381763810847,1
0.37694566551852354,772.6082152532368,0
0.334191517322362,386.7264650974647,1
0.18400086024593512,812.5588382572378,0
0.34987931774282804,445.966684207649,1
0.16371532012770726,695.4102937644852,0
0.3977135480402525,385.4312870851048,1
0.4442989026576573,341.08730476574607,1
0.1959693025970387,741.0641722937266,0
0.1428848923986659,605.4441867620576,0
0.39647351081207055,501.28480540509054,1
0.356537344262646,495.30371577919186,1
0.12574025466036215,821.6471450929741,0
0.12604860111388946,791.3295442876024,0
0.3891679849597984,536.6798150003546,1
0.4268536589197224,473.238623139831,1
0.16702758352426791,806.7559051914197,0
0.0668419776351479,779.7075756502709,0
0.4498028491806739,547.9548805610201,1
0.2869099537935756,678.3179986379535,0
0.1458769067385494,809.8888961314499,0
0.18028289145506093,781.5422389003777,0
0.28517618027081826,690.7204323712244,0
0.508673642684491,427.48554641478324,1
0.1641493883185015,706.0586265740847,0
0.35336544927205027,535.2010964577847,1
0.15687005674347618,879.8852320355984,0
0.20001242389509186,831.1351845469128,0
0.4624651161273285,453.05217124607174,1
0.20511256697803407,787.6340932064916,0
0.09645159627256421,689.6807850820619,0
0.22232632835641178,898.7339982111873,0
0.2015233052325446,685.280511993533,0
0.39299607171124534,519.7233380064072,1
0.2804885549318529,824.8840018488695,0
0.23902700555216835,669.2654642582828,0
0.2419297052121521,799.4255239670592,0
0.4103228573000394,527.5727971716261,1
0.46265759809220947,469.83015100822996,1
0.38659511336032165,824.2959675411194,0
0.5147743287438428,373.6720645790008,1
0.3536199015596383,530.4135990260472,1
0.38175677236160893,366.4454217770464,1
0.11804265732796795,755.4009547352401,0
0.3232370477286209,478.9659368216049,1
0.4669093723066386,451.0905333307027,1
0.17280509545861922,613.4228695172962,0
0.4775562495651124,337.05070214862815,1
0.2628390623972869,707.4851896751452,0
0.2104004998622245,743.0633989831111,0
0.2748135029320832,667.6678664411653,0
0.12460958634324464,785.8049702753303,0
0.2371826867579682,699.6623383985569,0
0.22086058901230018,734.9032653716657,0
0.45255360261515787,412.53353519076023,1
0.3564471886866629,451.48901037152433,1
0.29508423552697666,440.7156377532198,1
0.3909459556280249,365.32512869161565,1
0.39063363344890667,363.59557896840545,1
0.3853857806602558,397.26074907576714,1
0.4587290508684645,366.42524955206613,1
0.4917027977354905,595.1857868824982,1
0.2614225727664189,691.4155507342604,0
0.08179377093728987,675.0403306920892,0
0.5378835079749833,440.30808112113584,1
0.19510863961390126,795.254267640804,0
0.23736267343401612,748.4404714571401,0
0.18595880845358115,743.2363430989577,0
0.4541860368139322,523.9239766346236,1
0.5345649984282078,411.4169998570027,1
0.4808622039010878,569.7429360807348,1
0.1676526378110613,649.6793729832701,0
0.4595126563603698,373.6323498849361,1
0.36129763334309806,425.5478242717262,1
0.38538648782861107,248.94164507028455,1
0.1885457724963621,779.7811404928921,0
0.3449331854168818,402.5578520632604,1
0.11020824469459527,744.8218995483935,0
0.17841388125265487,730.4132760336096,0
0.28939180631612493,782.9030931157741,0
0.14158722801773188,703.9226111366306,0
0.5070686164677025,353.96691999480504,1
0.5102395793149613,414.6657555140248,1
0.22896127323255278,667.8284024913719,0
0.4026804816647917,477.42628037817826,1
0.528056425974649,439.4108701442542,1
0.4566351447170294,503.2039174582722,1
0.4483558489447826,336.85825740943886,1
0.3655796023346647,781.2810750561888,0
0.42768626489464734,491.54897055966035,1
0.25530809011863514,709.2752576625562,0
0.17677216101262913,857.1136639204346,0
0.18118821882965613,864.0416455430661,0
0.19916973523434578,727.108787767316,0
0.14914196428285492,680.7029545213591,0
0.11292945859690648,794.7062118050171,0
0.19193019293589605,824.0157813764757,0
0.18773172674083272,646.8107507570526,0
0.20085638407018605,820.5210781236639,0
0.530802439544162,469.61128111737247,1
0.3007458651239464,509.5155219479445,1
0.18080914860470937,657.800765603739,0
0.4819106723681181,431.20285464659173,1
0.2277236535951138,855.23938799003,0
0.29559658605551103,424.32229117297186,1
0.14441713220110772,880.0391640476413,0
0.4014472574489271,532.0910313481555,1
0.4484155458381109,481.7474011059786,1
0.20988565047419103,809.2739542651545,0
0.28807164260279505,442.5836151987105,1
0.22010348174504707,792.2166279464184,0
0.39822968637362044,404.4998193423578,1
0.17179747113442992,801.4935398072023,0
0.3809614458526904,438.087076423255,1
0.17053077517147372,626.0252012838337,0
0.3355521735374067,515.4023937867491,1
0.44050535854662953,541.1218902579159,1
0.018829270650750497,619.1180810213206,0
0.5029295394622516,443.81459285562653,1
0.3947887909742485,443.0988307401017,1
0.24609243299790426,694.0041645308646,0
0.4050578376266173,495.3796303690701,1
0.2643786828659607,743.6020309743619,0
0.1859355319810207,693.6523463403207,0
0.22334955174007573,843.1937343391883,0
0.40386667856671016,463.6069011104135,1
0.41537389743515374,457.2940772766313,1
0.10140867133074999,687.2350440879354,0
0.34030883706609416,465.711627299198,1
0.4439481668611242,509.3195174005295,1
0.4258246529608824,444.98791184101555,1
0.16376116244184624,837.4653430494311,0
0.22834437667282265,702.6103403079028,0
0.5276734718110673,547.6978667552969,1
0.23702035697460186,726.1364485857744,0
0.22297933908445572,809.4728391961349,0
0.13167001293315386,779.3726980416883,0
0.16301831551763135,635.8106929177338,0
0.161014086389104,727.1312650769545,0
0.26813720883097664,828.1783642870968,0
0.3370320161421398,491.4768864440828,1
0.44477588725653744,422.827622702114,1
0.1742453347820803,812.5067709076138,0
0.3839616786048717,492.94625809112915,1
0.19603204312245068,713.2886304616144,0
0.20416066022217505,721.6921803771227,0
0.18326699635095461,722.0070656508204,0
0.35579491402043084,424.1272764769456,1
0.3747758301385506,509.73908911462155,1
0.3004071254179122,780.5182772650032,0
0.20114886664494513,618.1794854358991,0
0.19927466312923675,824.0682827561005,0
0.19960872108623254,777.7073846767146,0
0.4349630210226453,494.663577100853,1
0.5087966483334015,629.0739499967776,1
0.5066258762443956,404.2363562945826,1
0.1356885660175907,790.8481012108322,0
0.22858146616137315,781.7456098788127,0
0.3690093378321125,424.30805126416743,1
0.36460600523334574,260.7737394900534,1
0.4185524947733998,542.2318274925572,1
0.5486366453595195,393.74278024211884,1
0.4444951653428683,448.6406275878587,1
0.1321877765195646,884.6412056377467,0
0.2118375359378724,733.482100895232,0
0.1774882171805638,663.3801353244199,0
0.1874411708252383,734.6942705795475,0
0.10813354984665666,625.6791772166118,0
0.24187419635234167,803.4820847101001,0
0.4464008670031999,635.1040342911924,1
0.19995748432540125,781.5857723522955,0
0.16503448054330508,772.5115247937467,0
0.43545302344336584,406.33617275129365,1
0.18697897697453777,811.5591928796182,0
0.30775248473844863,340.62179001794203,1
0.12454532846512303,761.0637442944093,0
0.14989142590219864,679.8448086751292,0
0.46922893087184187,488.23989736025896,1
0.3784855158071253,447.9516030420515,1
0.18032631700922494,779.7842953268162,0
0.24101415939202867,779.9821684662667,0
0.18551015324775327,664.0089318113966,0
0.21765344774080964,742.194382099994,0
0.46091348937757864,448.15159701287513,1
0.21562653580001337,669.988648154839,0
0.3826115684145141,404.7640883109338,1
0.4817493382395386,505.9959331359435,1
0.42901810568771265,463.33497758453467,1
0.38818454289765353,489.5856751942081,1
0.40484591091641037,461.85525768252546,1
0.4693141502625134,415.4370391787081,1
0.25341485005019054,603.9465639140241,0
0.3417318299697088,477.97815662268493,1
0.3918494608737177,462.92762141054357,1
0.4207801135126744,331.493023006323,1
0.16855469612392446,708.9428111305245,0
0.16814174613128213,741.4560007515106,0
0.2106092523283639,789.8832250039053,0
0.14217446442736337,901.5539247464621,0
0.38939901606871513,379.31885067030436,1
0.40886046140017096,250.60201655589472,1
0.22510389325332103,867.3475119045742,0
0.3372408463191284,428.4376001069981,1
0.08481961062814064,638.1680581283198,0
0.2175315636995824,642.7109608077049,0
0.4241881250994011,463.4434381543022,1
0.4325318157002853,364.1964035898361,1
0.20634522747628883,763.4104177335863,0
0.41803480378704005,301.4701570693984,1
0.2912603736295628,789.9355045848162,0
0.16982151376691942,798.6781732185209,0
0.2745672404022626,516.3268523486,1
0.11308451512198736,841.8388617001763,0
0.5199284666677546,516.5215314381503,1
0.47138392765940834,356.6182153557257,1
0.4316453995738984,416.9536595612011,1
0.41357817840272654,502.7339134773173,1
0.37333099874454745,427.4375671552062,1
0.38546173042573356,564.7975170559976,1
0.15001663657995448,612.2047050593362,0
0.16187825667046224,893.4868467050148,0
0.3876144191814383,475.71011193809386,1
0.32795314975586265,481.9121440457125,1
0.10677447403903616,740.9337927195592,0
0.507203068627062,480.93584546985863,1
0.22387562299680855,782.0463926948049,0
0.42656368767629355,470.912703585598,1
0.40845834211313264,460.52932336005034,1
0.4269404780575715,468.801459520428,1
0.16787989477902662,650.9312965653069,0
0.3341534938729171,529.3639067806945,1
0.44480609419342204,416.20795344725775,1
0.20588405237233667,816.4716199955142,0
0.45079604598680134,436.2555105640515,1
0.38173560094492104,517.8620040368716,1
0.1489156139443812,594.8226812452154,0
0.2401192882854744,788.3823739288149,0
0.48321850779647035,321.855697220048,1
0.36746290479691457,521.6843768068023,1
0.24076239697739021,831.9139096437623,0
0.24012449933555077,783.2617422546767,0
0.39205621478578456,463.831972328468,1
0.3172119282545473,355.70115973292127,1
0.547982002479376,394.9807377644435,1
0.053670970503414274,872.8453150153069,0
0.22773035996491658,799.8625511706114,0
0.04822639533834183,680.3396062702634,0
0.39834203005085517,491.06856610326923,1
0.17205166585291023,837.6989844099239,0
0.14541899498108998,833.4329534089501,0
0.4466557986891624,431.8766518407146,1
0.3866713728503847,574.2717624826658,1
0.4593932165180298,427.26180315439643,1
0.45892259325537854,424.09922790825107,1
0.1332819784535502,770.0869098011196,0
0.3775398320628731,479.33133065562316,1
0.41117655710987167,426.40398202173725,1
0.18876025889561754,736.2603544028444,0
0.09385544570665293,735.5372104212768,0
0.46532347354954534,441.4776744131702,1
0.24160873471483962,797.5251903041495,0
0.1883704316736318,822.6865195713522,0
0.3823819765327339,458.624336474914,1
0.21447931609500687,597.6054467490002,0
0.42732058887872165,501.94892437503245,1
0.14607295710061233,780.8915006189472,0
0.1224036225277302,839.5206069319376,0
0.20227627012685614,759.234957674037,0
0.2173234197695014,671.3554176732281,0
0.4526016115427961,490.7468392428031,1
0.4240516922812754,448.2951785417312,1
0.4188892118404566,411.7628886223262,1
0.13107235789048066,759.4007548073455,0
0.21380424555148414,896.0232934675979,0
0.18023313281917452,762.5086301767333,0
0.3706667762660141,461.2401786734905,1
0.29764606933439397,507.10160487775073,1
0.5020124560466714,451.0281736310438,1
0.40579088359559945,469.5295913556661,1
0.4331490196598363,606.1910102334842,1
0.1639745860556777,837.4733233707667,0
0.16359798231408224,681.8634813381076,0
0.15423651328602717,842.8057653279533,0
0.1021716053770916,660.4678484646149,0
0.4003402712041339,453.63621200651096,1
0.23955474010594432,825.7883737720952,0
0.2579238490754702,661.146865241731,0
0.23733242864260412,743.3878899890598,0
0.24113046432741225,645.0688827679119,0
0.23207033890883302,873.2831687407162,0
0.43956798133452707,379.9768072776098,1
0.1962797594380381,784.1292207960703,0
0.5278611916109713,448.1435118525658,1
0.4339352218296602,357.3837144614751,1
0.2490733794815017,790.5900099706593,0
0.16445864266087679,737.2985651526739,0
0.12549436547110254,727.579153682435,0
0.32034234398904055,543.8315312216201,1
0.44030978444966484,464.039843806166,1
0.3354923222181864,527.6789889369356,1
0.2529399837394046,866.7056878085796,0
0.23135084631594546,674.7281324865534,0
0.11797173161238526,661.9492290863778,0
0.22620431310401057,733.3322694581562,0
0.35510711978313625,326.74338316134566,1
0.3947409311507842,431.0213479270202,1
0.2030532621113611,601.0940805753953,0
0.18853833424398986,865.8784979161807,0
0.38903731630695754,445.75374303297656,1
0.4056631171880154,399.82243755780365,1
0.39438713580315476,522.0972572306813,1
0.24470031877263687,765.6964321174704,0
0.12223300014500635,688.0325919713044,0
0.2259775895216418,771.9192498009209,0
0.18944873573407575,808.9388586816489,0
0.44577709314795516,318.73792712479786,1
0.4179172938176854,618.2390909666792,1
0.30954754612010127,442.688554702377,1
0.13899901228541017,787.3351471293814,0
0.2360724049357469,759.8251908893633,0
0.3393329693379434,499.575009627959,1
0.4651159819612064,523.5458077205328,1
0.42083575751477675,461.792268338873,1
0.13219583965757856,651.5229493351724,0
0.3207085996880538,421.74460757306025,1
0.373619412968672,388.06381001811695,1
0.39359733079818093,398.5129040187163,1
0.42355310604086926,429.32190129026793,1
0.3898767465388433,344.7920770123393,1
0.557933887417155,434.2600812734345,1
0.4371519234434943,522.2782343039161,1
0.3923616737424127,495.6626014889394,1
0.23010696417005272,876.5037650546519,0
0.17891514585717605,779.6846803062916,0
0.29749590789454256,502.80039308695024,1
0.3889433220578297,410.64823813951887,1
0.4783532669776038,463.622521866607,1
0.1851784579552402,800.503552663014,0
0.1906844570705151,775.2453524005057,0
0.40595079751659985,498.8756319529513,1
0.1815223082216576,882.1381360138133,0
0.28889980414775596,624.9537174251719,0
0.3585367415199426,385.5528484844444,1
0.18592276580255518,813.2812288332921,0
0.09776770479039688,735.823304105462,0
0.4146527976292327,359.22176364309075,1
0.15245480474000234,721.0476126604849,0
0.272233066230129,788.7128060096651,0
0.36009875755567256,457.5991794043566,1
0.2357017679501339,791.0316060274948,0
0.4187459043621511,487.5556890499283,1
0.29202366259498996,886.7281396268597,0
0.20020253039582966,758.6154741159327,0
0.4688105781600383,489.04672144463035,1
0.43781908039399114,390.71270561771706,1
0.19380471439105718,742.253424200987,0
0.17287458003001518,856.6267035198581,0
0.4697643348710093,482.65009877034686,1
0.4394450381636877,406.21061089433294,1
0.31225791052230695,774.2696984323444,0
0.4211060359839236,412.48255884201666,1
0.3739321460937523,470.0986915641277,1
0.1204371388350777,682.4823543562866,0
0.1692071860117049,767.6031526258358,0
0.15134854932737973,722.7053405408388,0
0.40349689817090134,533.7642040651956,1
0.3791369005515071,244.1727955735004,1
0.3536084454754998,425.2783595032518,1
0.4942689787184077,404.0174004720023,1
0.41698571343305174,436.44383785041975,1
0.42581975789956306,453.9654947427975,1
0.3352617779198825,479.69161624813415,1
0.34667233146648324,367.46721461881384,1
0.34674938100173863,560.1790734303023,1
0.42172468937608903,532.1187246310649,1
0.1962941480083923,604.7088393645026,0
0.3886283983708039,548.765266582239,1
0.21323248562083202,672.4990228238283,0
0.4114572308987224,555.0933556368841,1
0.4844179049915863,311.44901327369485,1
0.39692666734621046,412.7109412236662,1
0.3684985331891272,562.8594780592052,1
0.10896957819969927,863.0345153496896,0
0.22342789099573337,743.4629198770036,0
0.22927233709226444,780.6119230927272,0
0.39992992584954307,364.324181326642,1
0.2330885765143714,808.8514137490685,0
0.26685930168013233,842.2811627396868,0
0.4535874268758624,455.77078270541523,1
0.20261088011860798,772.517497896355,0
0.472898385416967,538.3808872399028,1
0.4375843483979209,564.9410612095459,1
0.4997491518079459,469.988785240036,1
0.4913409918664531,514.3407921527001,1
0.30771268135473934,781.4631738982615,0
0.3893270594141289,525.6033646000254,1
0.4627799058103433,533.1375571923095,1
0.20514122968420156,697.0265216088851,0
0.3989091909575215,412.96631258575934,1
0.17299922852025118,791.0132940815255,0
0.4388548399557164,416.1279916161975,1
0.3860221362238337,397.2006904986449,1
0.17126975263949576,730.0930745275443,0
0.22775547757123707,788.7840439781135,0
0.09076380196708898,891.0692577322449,0
0.44263271250387126,429.97970446839224,1
0.4671480095190499,381.98402858211,1
0.27338498402571954,707.4241444788669,0
0.3932091028759787,457.3762854302172,1
0.11194848405485361,731.2651236370845,0
0.40516935704876417,533.223936003225,1
0.3048417918749335,707.203032682796,0
0.13448396597628123,750.5024926835559,0
0.3735726480537856,458.5869221196357,1
0.45754004086590033,462.5925905807435,1
0.38638913758818183,519.4429644675566,1
0.3577652307404126,594.3052503645479,1
0.3172494460250172,819.6907059801421,0
0.2938048015299265,752.7612933768518,0
0.28330026669250685,738.6513217164099,0
0.23612709922354902,717.0115381508236,0
0.3613466853120869,494.1568179188344,1
0.10070675382630224,767.0017409205193,0
0.25557292413449556,798.4905928581802,0
0.45459341778334594,441.5336295974553,1
0.44842997525470724,607.6705063741016,1
0.10614550329733694,824.1109970918715,0
0.16028106933220346,618.3992976264566,0
0.35923013277993454,404.4007397469886,1
0.18229460514572562,861.6109674224438,0
0.20531945545768626,764.1630157495962,0
0.1958819572348719,672.8411181680901,0
0.4546243276308324,380.1130192568196,1
0.20329604665999093,738.7747943268619,0
0.4318850856460713,379.5420204304251,1
0.14833472538958578,683.6475097911709,0
0.12564449630879165,788.6218559937645,0
0.2358336930952031,776.1343991797979,0
0.13489096840653214,714.8751065031928,0
0.44686251360103885,465.6267239890412,1
0.07275799084189605,762.2875360705018,0
0.34573107007038906,516.9691621756209,1
0.46089004184235743,394.27819002375577,1
0.28420219820751147,691.5973868155893,0
0.48533703581804194,440.91255101866017,1
0.3509403853546618,452.66024347177404,1
0.18764843414717958,820.1277397577356,0
0.3371939125071065,562.5141903213995,1
0.18878623051028093,730.4004688687864,0
0.2534119046674872,810.3145287148561,0
0.4607758649360805,604.7366101113946,1
0.30241979256721346,347.4937583853126,1
0.3356003341891067,520.0732264796999,1
0.2672618400394683,606.5041104995765,0
0.21243603976393666,909.0014821795958,0
0.38545090556131917,481.12218677540983,1
0.19764156274234215,835.273629822798,0
0.1657789180151792,617.7245495532693,0
0.39751075154702414,464.08117591109874,1
0.12993322692392392,653.9779809515546,0
0.342295273676183,375.2726960022009,1
0.22999184742442227,769.6706475197265,0
0.3259833073499909,698.5287577522633,0
0.2768986277002261,843.0048579773762,0
0.2162897186495389,739.7082203598405,0
0.23641103559294027,894.7534436714486,0
0.25127151362399697,775.4898207238263,0
0.2631168570633751,773.6987013400139,0
0.1970661689915537,746.8574878914225,0
0.47629702835855986,583.0833480027105,1
0.12862000045457833,750.0477973270238,0
0.3615190997863607,275.04159995884993,1
0.44056352078266225,300.50280502149127,1
0.1145625708529913,666.2247947501581,0
0.5045608464111347,455.37963180711375,1
0.18187727003060816,722.4529100821189,0
0.4334272770983339,435.3544688378831,1
0.5146471967858084,485.05911324611196,1
0.37919851670529053,405.27267766173486,1
0.16176153517827233,652.6844652392576,0
0.1846292148502772,621.8198585163154,0
0.3701429930153377,553.4271056738684,1
0.16558389362618595,781.0101491313162,0
0.19234705277734795,792.2273250399976,0
0.24391224225729774,836.0450349007936,0
0.3718633638467029,440.2287260291378,1
0.2158092329198636,670.1294043173083,0
0.24138246831471166,861.2038849630517,0
0.3924383460275853,462.35090886940577,1
0.1690142213667457,796.5291921733177,0
0.21463719187451002,707.8025540951227,0
0.45670057733045205,468.2471636076735,1
0.4407868925698185,299.26269204773996,1
0.4228188356258845,500.3267317465547,1
0.23842878771204942,708.2117999295248,0
0.45082715705473253,403.5969357714336,1
0.23049611838047537,722.486307005702,0
0.19884437721593634,784.3845365788397,0
0.2084754284052478,798.5000308966206,0
0.3918315368439029,523.4686900723534,1
0.2497684905159049,709.1480471557796,0
0.17502833570688478,842.7802476366555,0
0.25105387773007837,772.2217282875123,0
0.3608564372198674,466.8527225641998,1
0.48194791563306877,476.18395988933,1
0.17677401785153596,708.7509843747486,0
0.4099729151809887,431.88427561330286,1
0.14721113878987677,760.1544622171567,0
0.5716159455524172,517.539614316822,1
0.0651866399609237,830.2508609280509,0
0.17689869129722818,760.0134138915266,0
0.5007252027692987,403.2299140122704,1
0.43392299624145814,346.0571422085068,1
0.32073622674204594,685.8575356648606,0
0.22552395959585564,487.71291947124587,1
0.3019974424745828,779.5082258475593,0
0.24673619021072685,686.71521971848,0
0.17379414576570695,659.8184667775523,0
0.43502957102075257,380.6025355380585,1
0.3290885362680869,440.6187983328958,1
0.39985291804259226,451.69536196709305,1
0.24394952616678814,970.643971415846,0
0.1635880893285695,620.9344491563478,0
0.42519538724837397,442.9892146464033,1
0.22876649108516384,743.9751215046375,0
0.5139314417540604,527.0671744499,1
0.5212284981043539,343.20405798009335,1
0.1618665295157358,779.4134080026494,0
0.19544293858144865,792.5772334179478,0
0.34578295734731507,373.2607439173359,1
0.21495851573850375,740.1737458766264,0
0.29468708345373107,667.4441614857168,0
0.420314621983091,532.9992908264098,1
0.41507092929644585,408.30370941695554,1
0.15993322661186685,767.010330543808,0
0.4113383752845634,529.7914992790331,1
0.20960109355116727,851.5649283795449,0
0.4328387946440533,390.463568205349,1
0.17647924160485223,740.410315739028,0
0.4483942574744127,381.22588245231833,1
0.15029017851318524,700.147829507677,0
0.16103761770071445,769.862571656305,0
0.31327678506574325,472.61554911812203,1
0.43107803151193824,458.790351743008,1
0.33889892366302,497.45127236716354,1
0.17495799118369496,896.7090451266412,0
0.44552745370709784,353.4267284647749,1
0.4292235063567317,488.67429680920037,1
0.21867852040657312,802.0929997220525,0
0.4826496526241443,408.5275018592974,1
0.3968811841882944,428.3618475058249,1
0.47097612582126147,508.69435421161495,1
0.11568860919178552,762.775072141945,0
0.32433434047233795,376.71623121226423,1
0.504167658656166,494.71111554204293,1
0.22133680092713962,808.1134268303828,0
0.4849830745905166,458.5608252122599,1
0.22893493716083943,760.9685609772567,0
0.4340528839521912,475.3052467644271,1
0.3915032813303426,452.38584277814584,1
0.10360537395567926,770.4900837499297,0
0.1909497373059983,718.6242768589896,0
0.1745458199961174,740.8957794512467,0
0.20143418259709733,844.6541875207001,0
0.06570612600050169,771.1190006231215,0
0.213842054343121,723.7624560364736,0
0.14629580946340373,699.0346031501275,0
0.23432344650284864,767.6798192197637,0
0.3744520403067781,501.9466760406515,1
0.13216307990374843,769.4150923375273,0
0.5052302548793913,520.0407622630084,1
0.1961885255230787,722.2639225328768,0
0.4249124483631793,600.1604389441371,1
0.5201412915173635,548.85543887908,1
0.41170414192972893,514.7243578038938,1
0.4236138125964616,510.9047411482128,1
0.47544162115241406,485.97354947612405,1
0.3109165299977847,743.5708664965531,0
0.4411233237908578,538.3345050499794,1
0.2009371000369762,804.8011614464001,0
0.21143813547590148,726.2614404510973,0
0.1700161894309022,787.5403636662033,0
0.24912665862529165,702.7546186846613,0
0.1311042026748429,893.280353700369,0
0.14487880931083436,663.266310823135,0
0.25873148304690774,575.8533940425444,0
0.2549234165336097,795.8482908955183,0
0.4180383151143544,532.1431700239727,1
0.21051268513451074,785.192136524357,0
0.20611137771571922,816.6084839401831,0
0.07399840954090257,738.9292308939375,0
0.253213243405838,688.3252164337096,0
0.2408815706265769,734.9073295002385,0
0.22779108771605508,705.5999906617418,0
0.28588200690987103,727.9439288164124,0
0.13976255767511012,854.2379175829802,0
0.3873945137319741,407.45246090338975,1
0.18200970822350718,722.1709564155796,0
0.1747542923791368,700.1445465445664,0
0.10708290206817521,696.8207817763799,0
0.22320851124135216,824.5620376000071,0
0.4013839946043926,428.63427069517326,1
0.4061439281874793,533.1170236095326,1
0.2135184753224565,909.0704304312817,0
0.2415751173818967,847.0444578083991,0
0.5217873820974023,381.7829486730551,1
0.22062727289299314,764.8801821442551,0
0.27164656418284233,599.3331518773574,0
0.47043861293932343,495.91305435708324,1
0.4124527847940211,539.6711453214579,1
0.4105195260852606,404.95151173777765,1
0.23640338354817098,787.240433917536,0
0.1566957467997648,784.400061690414,0
0.24868379326949552,734.4267572255214,0
0.188652776553378,766.0297474721539,0
0.22800025891796488,902.8867713366319,0
0.12485639333521287,775.7333888146798,0
0.1832622241800915,807.0850715710984,0
0.16710276221056394,666.3294365480529,0
0.13214669388044506,676.4083061852459,0
0.14309911974654796,771.86647473266,0
0.27271663912318406,708.4332014351907,0
0.21513442378560066,726.4529138212205,0
0.19726926528192548,711.0716877267454,0
0.16087466668441638,747.5494672995635,0
0.16352748435945094,739.5041496644624,0
0.4831891711999742,397.3621467782827,1
0.4036365858151398,479.9814968045354,1
0.15385145901276212,659.8985501991025,0
0.19045728737599693,728.2784606230567,0
0.39074362655565037,513.9509238363274,1
0.3522568937269662,448.3063075526359,1
0.466251911633218,531.531754812002,1
0.23619124586494059,619.1128562327485,0
0.093284744959609,688.5173845974183,0
0.136465544776604,635.3379659794788,0
0.2823709084805918,726.844754297071,0
0.374204450607449,423.9455256750263,1
0.21161539468205268,722.3023501770615,0
0.47014152672390846,448.0739566464555,1
0.21138237005662375,642.5471826727348,0
0.2057206519664785,833.4195247974945,0
0.3833089318204831,463.27071316191206,1
0.2500000347068184,784.5558393350206,0
0.23387635555361602,782.6581718015088,0
0.3746189552829418,465.727930802632,1
0.1545030758667446,892.9453228100621,0
0.3321891031120729,444.34983939239925,1
0.20359595781597972,834.0183224817181,0
0.4004385880699295,511.8831777452735,1
0.24081296632702698,796.5791776584246,0
0.3825108853382593,454.9036514179227,1
0.5277526603857313,327.6027618733273,1
0.2720047373856117,773.530147411836,0
0.2220589575794853,820.884618675085,0
0.1670265718454852,679.258124604976,0
0.45043644186643783,450.44955888676566,1
0.25981152640794847,705.3202091430054,0
0.19846554126848034,682.6087204300771,0
0.45090211603251956,400.8605818535271,1
0.34078600757876143,590.9371073268636,1
0.35513660757550425,464.9237639766382,1
0.40938316635035704,372.6006732059845,1
0.5012323424499248,381.9870173042544,1
0.4179006905701823,601.965990224847,1
0.10900144703475255,700.3147705436526,0
0.23506477882834906,950.7882138966738,0
0.21257956491647756,714.3135314766382,0
0.17522013067139397,768.0039279249149,0
0.4044245189181837,444.42510261279995,1
0.07216601121156797,790.7799923166164,0
0.4367981175791892,511.8176844003011,1
0.25372132584575596,693.0889939417909,0
0.45856336559205263,446.15741995685994,1
0.20229427969760172,729.1762459388304,0
0.4089609998188392,526.0187481322522,1
0.44936247367367504,472.7051497205122,1
0.42030680739854764,514.1429372291738,1
0.39393022635406105,323.7802226620839,1
0.2943811835128914,773.0374745097091,0
0.21267702153676837,820.4993335531211,0
0.35594277423704435,350.47325332807094,1
0.33608594557085153,392.7260781604385,1
0.27416784330837307,869.1760260690723,0
0.1714267475873205,711.1117254359193,0
0.4160549843356207,587.0843217954416,1
0.45724032585304064,401.5305314088301,1
0.44146724162089696,458.7657151853535,1
0.3648345459459718,432.9090355296546,1
0.147972187057346,700.3391298300718,0
0.4643079947997246,567.8749384020508,1
0.07976825813559481,551.7491081322602,0
0.3761780020969718,410.97557504945166,1
0.18470265238677813,627.6654443120217,0
0.234387668794472,738.4965355880227,0
0.5513881759930603,407.6069122184195,1
0.43685951206410195,372.7643375678289,1
0.4907578310438296,556.9927898488772,1
0.23732419941836294,815.3189650638749,0
0.44951515029039035,402.5599241173526,1
0.4487387895447835,480.5591862910367,1
0.22204889992845828,682.4034637533755,0
0.2298933049098071,717.8636782846705,0
0.16951158814116135,746.0388057770073,0
0.24879231120487866,885.460782804216,0
0.41674230800893125,519.0010996975905,1
0.2012531892977577,546.5108246474852,0
0.09755852254442321,762.4425074387622,0
0.3198356831327177,535.4723586867747,1
0.1338624710098146,749.5068510163612,0
0.4687515493436519,424.6291341017807,1
0.3142481953743804,836.6357630258399,0
0.31650493004921804,571.5174662215675,1
0.18859765789991034,818.4895478419625,0
0.2159217409639777,643.9870783573463,0
0.4246420984588571,410.5026680939828,1
0.3715021028786909,577.8206799482855,1
0.4156302652405876,434.2756795002083,1
0.414236406016521,337.8623931671982,1
0.37363048712774566,402.8556563029292,1
0.4324612612297867,458.0518255403192,1
0.2369462689862685,804.2608845824348,0
0.41901462623563485,332.1593265445335,1
0.40071684950082037,428.82712194583104,1
0.1893935502130531,695.2597555242274,0
0.41658326257673595,419.51595406011097,1
0.2231793990686936,850.0200395469498,0
0.3784254242843607,443.07772427662,1
0.20022174031087084,790.7916308221705,0
0.18412910952136335,643.645774716621,0
0.1348504922668889,844.8809960773847,0
0.30532854189892944,708.9850628677572,0
0.25157527321878814,713.934712433423,0
0.37242763006425933,326.74660685909276,1
0.21546515240856506,604.5531726100662,0
0.33086637761778165,387.6165442209299,1
0.16842512860895476,596.2710525230037,0
0.4278444346371655,536.5265222647306,1
0.4031339824268427,524.9105166821499,1
0.45364707158209405,419.9416121212323,1
0.4672250762245471,610.3659800813518,1
0.30551722905170803,675.3635547670542,0
0.37330171647586124,578.6728573756585,1
0.3840374986227736,487.56569267691003,1
0.37773937856743445,494.4305027993239,1
0.23423677983317187,832.6448638716502,0
0.13416184834202938,807.9760783129236,0
0.14909428194855115,727.2072263496048,0
0.24309114354247607,721.1954798806474,0
0.3955154776187069,430.30707100172503,1
0.1449498307391442,691.75570866051,0
0.21664261627749154,717.5787046540221,0
0.2110309726852217,722.8035457371893,0
0.2922759151047532,721.7846807654479,0
0.43557426238617963,820.1142277645991,0
0.16245936275022727,659.4544662357133,0
0.12863528642796035,698.9278271134814,0
0.36373049760509263,452.8414183842718,1
0.46935269472619134,416.1769476390438,1
0.3257865168065726,357.5984242145506,1
0.4229112976766896,456.18848204042934,1
0.15009066750617334,662.1405239618624,0
0.1196836520166051,830.7513240321848,0
0.08526470147481341,722.1963278697808,0
0.08922872826571439,639.6102462466301,0
0.4781186994319733,447.3944434443111,1
0.2667613024993955,655.1186747821398,0
0.4288028211859993,561.9053019353302,1
0.4920728353298367,501.5790727964703,1
0.27414869720041635,759.1745630351094,0
0.3763717694505079,407.17616363663,1
0.41311581351198606,435.74937479283466,1
0.3052031853205321,401.7568527337302,1
0.4212602304979655,358.1714637354888,1
0.4654193169987211,437.19724912266116,1
0.5325702503529531,559.3057837708797,1
0.28409591557678576,683.8145184040088,0
0.4693236095996694,546.8990972957363,1
0.417032177420854,441.00237419927487,1
0.5079389261352932,486.59848416248497,1
0.2581868014235057,436.8999014496816,1
0.28861606556709646,818.5222690989746,0
0.11893553802751873,785.0168328605599,0
0.1243901140896452,677.3019325409219,0
0.32339261388977253,621.7822426955781,0
0.3648808832109481,466.32512918844515,1
0.21917910955513864,723.5394470687248,0
0.27424628808104834,824.7865533585812,0
0.21723973426418056,776.5747753870176,0
0.47226748220590153,280.3031817808941,1
0.24664444116587067,691.6002732975762,0
0.4055804761105119,417.4767891891125,1
0.447405193149227,669.6423973561996,1
0.3291091665188481,382.21588815954556,1
0.19516401504219436,752.4299624126793,0
0.30662755614326814,422.803708283778,1
0.40890587181342064,462.5707247357719,1
0.22040307767413345,725.032880607409,0
0.2627053084450852,771.5328867732437,0
0.4362274095467903,370.08176201065464,1
0.1133687110319875,612.3051207488993,0
0.518698062810077,395.0571180842432,1
0.265788154028653,754.9877624937625,0
0.3700586656137463,547.472571004503,1
0.37467702405880066,485.07659189578914,1
0.547329371820758,310.4385050199981,1
0.40645342197080786,409.8409997242995,1
0.2029864212308576,739.5721483162893,0
0.3481273264446691,497.1226945888971,1
0.06728828532022961,695.3860609617776,0
0.43194358173440817,612.3530677987186,1
0.48703774989528764,546.2106665219573,1
0.2159526937791229,874.7259236139741,0
0.42902362718857245,470.95048062845444,1
0.40144967259188163,339.1104839896157,1
0.2495628302864904,660.6586908423164,0
0.21967277144956146,783.2801477768636,0
0.3895834094777322,533.3452392350439,1
0.5287469134798157,488.60397632283275,1
0.10892757519915144,861.2887284726479,0
0.2189693574309667,690.4625304877069,0
0.326960194136032,472.49500508151914,1
0.10786567260757367,768.5342717684586,0
0.37210216532769275,434.9555278797885,1
0.18422655024750395,724.9379434177109,0
0.14468841121248124,785.3912469285112,0
0.43972506657958105,466.7152411318559,1
0.3195509211900871,724.7082606622897,0
0.41926519362918513,557.1525582640588,1
0.1755778212243932,762.9297332346758,0
0.4568500020026055,566.8933153045984,1
0.3654367527123156,533.0921213892266,1
0.13804856578834765,741.338712393017,0
0.150654804057068,800.0226853445632,0
0.3177552314318477,706.4575636111933,0
0.1954541428078724,839.5625452160426,0
0.22630854432858366,743.7536092044986,0
0.1501733356066061,665.5084846499949,0
0.43217538125107796,440.5983880970617,1
0.2283201362551565,667.9841956877707,0
0.1291512310814693,616.3450738744895,0
